motif_id	motif_alt_id	sequence_name	start	stop	strand	score	p-value	q-value	matched_sequence
ENSDARG00000042667	(klf2a)_(Homo_sapiens)_(DBD_0.93)_(M04455_2.00)	ENSDARG00000031683	433	443	+	14.5241	8.03e-07	0.0463	GGCCACGCCCC
ENSDARG00000038792	(klf17)_(Homo_sapiens)_(DBD_0.93)_(M04455_2.00)	ENSDARG00000031683	433	443	+	14.5241	8.03e-07	0.0464	GGCCACGCCCC
ENSDARG00000103791	(nme2)_(Homo_sapiens)_(NA)_(Yadav_et_al_2014)	ENSDARG00000018757	388	399	+	15.4226	8.85e-07	0.0544	GGCTGAGGCAGC
ENSDARG00000018757	(klf5l)_(Mus_musculus)_(DBD_0.88)_(M00134_2.00)	ENSDARG00000074378	459	468	+	13.4424	1.01e-06	0.0283	GCCACGCCCT
ENSDARG00000059836	(ddit3)_(Mus_musculus)_(NA)_(UN0251.1)	ENSDARG00000059836	175	189	-	16.1468	1.11e-06	0.0492	GAATGATGCAATCGT
ENSDARG00000034293	(hif1ab)_(Homo_sapiens)_(NA)_(MA1106.1)	ENSDARG00000091756	258	267	-	13.9016	1.12e-06	0.0689	GCACGTGCCC
ENSDARG00000016858	(smad7)_(Mus_musculus)_(NA)_(PB0060.1)	ENSDARG00000016858	289	305	+	15.0122	1.24e-06	0.0754	CATTTCCAGACAGTCGC
ENSDARG00000018757	(klf5l)_(Mus_musculus)_(DBD_0.88)_(M00134_2.00)	ENSDARG00000031683	434	443	+	13.4121	1.42e-06	0.0283	GCCACGCCCC
ENSDARG00000019810	(nfe2l3)_(Drosophila_melanogaster)_(DBD_0.50)_(M03656_2.00)	ENSDARG00000040764	35	50	+	15.8061	1.68e-06	0.102	GTCATGGTGCCATCAT
ENSDARG00000059836	(ddit3)_(Mus_musculus)_(NA)_(UN0251.1)	ENSDARG00000043531	463	477	-	15.8991	1.72e-06	0.0492	AAATGATGTAATGCG
ENSDARG00000009094	(gata2b)_(Mus_musculus)_(DBD_0.96)_(M00166_2.00)	ENSDARG00000059836	147	156	-	7.87647	1.82e-06	0.104	CGGAGATAAG
ENSDARG00000018757	(klf5l)_(Mus_musculus)_(DBD_0.88)_(M00134_2.00)	ENSDARG00000063438	328	337	-	13.2727	1.83e-06	0.0283	GCCCCGCCCA
ENSDARG00000018757	(klf5l)_(Mus_musculus)_(DBD_0.88)_(M00134_2.00)	ENSDARG00000100244	424	433	+	13.2727	1.83e-06	0.0283	GCCCCGCCCA
ENSDARG00000015355	(fosl1a)_(Homo_sapiens)_(DBD_0.79)_(M04035_2.00)	ENSDARG00000063438	482	491	+	16.3253	2.02e-06	0.0847	ATGACGTCAC
ENSDARG00000070538	(hey1)_(Homo_sapiens)_(DBD_0.98)_(M02793_2.00)	ENSDARG00000091756	259	268	-	14.6303	2.12e-06	0.131	CGCACGTGCC
ENSDARG00000101919	(foxj1a)_(Mus_musculus)_(DBD_0.95)_(M00161_2.00)	ENSDARG00000074030	179	190	-	13.5697	2.39e-06	0.0893	AATAAACAAATG
ENSDARG00000055294	(atoh1a)_(Homo_sapiens)_(DBD_0.90)_(M04169_2.00)	ENSDARG00000056732	187	196	-	14.7091	2.45e-06	0.15	AACATATGTC
ENSDARG00000018757	(klf5l)_(Mus_musculus)_(DBD_0.88)_(M00134_2.00)	ENSDARG00000077982	446	455	+	13.1636	2.58e-06	0.0319	GCCCCGCCCC
ENSDARG00000015355	(fosl1a)_(Homo_sapiens)_(DBD_0.79)_(M04035_2.00)	ENSDARG00000063438	482	491	-	16.2169	2.92e-06	0.0847	GTGACGTCAT
ENSDARG00000042667	(klf2a)_(Homo_sapiens)_(DBD_0.93)_(M04455_2.00)	ENSDARG00000034956	442	452	-	13.9337	3.06e-06	0.0463	AACCACGCCCC
ENSDARG00000038792	(klf17)_(Homo_sapiens)_(DBD_0.93)_(M04455_2.00)	ENSDARG00000034956	442	452	-	13.9337	3.06e-06	0.0464	AACCACGCCCC
ENSDARG00000032317	(tox)_(Mus_musculus)_(NA)_(Artegiani_et_al_2015)	ENSDARG00000059836	305	314	-	14.5455	3.13e-06	0.158	GCGGGGGGCG
ENSDARG00000059836	(ddit3)_(Mus_musculus)_(NA)_(UN0251.1)	ENSDARG00000063438	206	220	+	15.4495	3.24e-06	0.0619	TGATGATGTAACCAC
ENSDARG00000056732	(her4)_(Homo_sapiens)_(NA)_(MA0821.1)	ENSDARG00000055294	457	468	-	14.082	3.27e-06	0.201	CGGCACGCGCCG
ENSDARG00000056729	(her4)_(Homo_sapiens)_(NA)_(MA0821.1)	ENSDARG00000055294	457	468	-	14.082	3.27e-06	0.201	CGGCACGCGCCG
ENSDARG00000054562	(her15)_(Homo_sapiens)_(NA)_(MA0821.1)	ENSDARG00000055294	457	468	-	14.082	3.27e-06	0.201	CGGCACGCGCCG
ENSDARG00000054560	(her15)_(Homo_sapiens)_(NA)_(MA0821.1)	ENSDARG00000055294	457	468	-	14.082	3.27e-06	0.201	CGGCACGCGCCG
ENSDARG00000034293	(hif1ab)_(Homo_sapiens)_(NA)_(MA1106.1)	ENSDARG00000091756	260	269	+	13.7213	3.35e-06	0.103	GCACGTGCGC
ENSDARG00000034785	(dachb)_(Homo_sapiens)_(NA)_(UN0306.1)	ENSDARG00000059337	43	52	-	14.1	3.67e-06	0.0566	AACAGCTGTT
ENSDARG00000034785	(dachb)_(Homo_sapiens)_(NA)_(UN0306.1)	ENSDARG00000059337	288	297	-	14.1	3.67e-06	0.0566	AACAGCTGTT
ENSDARG00000034785	(dachb)_(Homo_sapiens)_(NA)_(UN0306.1)	ENSDARG00000059337	43	52	+	14.1	3.67e-06	0.0566	AACAGCTGTT
ENSDARG00000034785	(dachb)_(Homo_sapiens)_(NA)_(UN0306.1)	ENSDARG00000059337	288	297	+	14.1	3.67e-06	0.0566	AACAGCTGTT
ENSDARG00000042824	(nfe2l2a)_(Homo_sapiens)_(DBD_0.73)_(M08789_2.00)	ENSDARG00000014626	125	138	-	15.0121	3.67e-06	0.223	ATGAATCAGCATTA
ENSDARG00000042667	(klf2a)_(Homo_sapiens)_(DBD_0.93)_(M04455_2.00)	ENSDARG00000074378	458	468	+	13.8313	3.84e-06	0.0463	AGCCACGCCCT
ENSDARG00000038792	(klf17)_(Homo_sapiens)_(DBD_0.93)_(M04455_2.00)	ENSDARG00000074378	458	468	+	13.8313	3.84e-06	0.0464	AGCCACGCCCT
ENSDARG00000042667	(klf2a)_(Homo_sapiens)_(DBD_0.93)_(M04455_2.00)	ENSDARG00000077982	445	455	+	13.8253	3.92e-06	0.0463	GGCCCCGCCCC
ENSDARG00000038792	(klf17)_(Homo_sapiens)_(DBD_0.93)_(M04455_2.00)	ENSDARG00000077982	445	455	+	13.8253	3.92e-06	0.0464	GGCCCCGCCCC
ENSDARG00000015355	(fosl1a)_(Homo_sapiens)_(DBD_0.79)_(M04035_2.00)	ENSDARG00000054560	106	115	+	14.0301	4.58e-06	0.0847	ATGACGTCAG
ENSDARG00000101919	(foxj1a)_(Mus_musculus)_(DBD_0.95)_(M00161_2.00)	ENSDARG00000005559	130	141	+	13.297	4.58e-06	0.0893	TATAAACAAACG
ENSDARG00000103791	(nme2)_(Homo_sapiens)_(NA)_(Yadav_et_al_2014)	ENSDARG00000100244	165	176	-	13.9286	4.8e-06	0.147	GGGGGTGGTGGG
ENSDARG00000018757	(klf5l)_(Mus_musculus)_(DBD_0.88)_(M00134_2.00)	ENSDARG00000034956	442	451	-	12.3879	4.82e-06	0.0495	ACCACGCCCC
ENSDARG00000095743	(sox11b)_(Mus_musculus)_(DBD_0.99)_(M00210_2.00)	ENSDARG00000091756	435	443	-	8.99422	4.91e-06	0.143	ATTGTTCTC
ENSDARG00000095743	(sox11b)_(Mus_musculus)_(DBD_0.99)_(M00210_2.00)	ENSDARG00000053301	452	460	-	8.99422	4.91e-06	0.143	ATTGTTCTC
ENSDARG00000019810	(nfe2l3)_(Drosophila_melanogaster)_(DBD_0.50)_(M03656_2.00)	ENSDARG00000054560	95	110	-	13.9333	4.99e-06	0.122	GTCATGTTGATGTCCT
ENSDARG00000042667	(klf2a)_(Homo_sapiens)_(DBD_0.93)_(M04455_2.00)	ENSDARG00000063438	328	338	-	13.6446	5.15e-06	0.0463	AGCCCCGCCCA
ENSDARG00000042667	(klf2a)_(Homo_sapiens)_(DBD_0.93)_(M04455_2.00)	ENSDARG00000100244	423	433	+	13.6446	5.15e-06	0.0463	AGCCCCGCCCA
ENSDARG00000038792	(klf17)_(Homo_sapiens)_(DBD_0.93)_(M04455_2.00)	ENSDARG00000063438	328	338	-	13.6446	5.15e-06	0.0464	AGCCCCGCCCA
ENSDARG00000038792	(klf17)_(Homo_sapiens)_(DBD_0.93)_(M04455_2.00)	ENSDARG00000100244	423	433	+	13.6446	5.15e-06	0.0464	AGCCCCGCCCA
ENSDARG00000042667	(klf2a)_(Homo_sapiens)_(DBD_0.93)_(M04455_2.00)	ENSDARG00000044375	452	462	-	13.6084	5.28e-06	0.0463	AACCCCGCCCA
ENSDARG00000038792	(klf17)_(Homo_sapiens)_(DBD_0.93)_(M04455_2.00)	ENSDARG00000044375	452	462	-	13.6084	5.28e-06	0.0464	AACCCCGCCCA
ENSDARG00000015355	(fosl1a)_(Homo_sapiens)_(DBD_0.79)_(M04035_2.00)	ENSDARG00000054560	106	115	-	13.3795	5.49e-06	0.0847	CTGACGTCAT
ENSDARG00000101919	(foxj1a)_(Mus_musculus)_(DBD_0.95)_(M00161_2.00)	ENSDARG00000012656	177	188	+	13.2061	5.63e-06	0.0893	AATAAACAAAAA
ENSDARG00000019810	(nfe2l3)_(Drosophila_melanogaster)_(DBD_0.50)_(M03656_2.00)	ENSDARG00000054560	100	115	+	13.6061	6e-06	0.122	ATCAACATGACGTCAG
ENSDARG00000018757	(klf5l)_(Mus_musculus)_(DBD_0.88)_(M00134_2.00)	ENSDARG00000044375	452	461	-	12.2485	6.24e-06	0.0532	ACCCCGCCCA
ENSDARG00000032317	(tox)_(Mus_musculus)_(NA)_(Artegiani_et_al_2015)	ENSDARG00000103791	457	466	+	14.1879	6.25e-06	0.158	CGCGGCGGCG
ENSDARG00000101919	(foxj1a)_(Mus_musculus)_(DBD_0.95)_(M00161_2.00)	ENSDARG00000018757	183	194	+	13.1212	6.3e-06	0.0893	CATAAACAAATA
ENSDARG00000055294	(atoh1a)_(Homo_sapiens)_(DBD_0.90)_(M04169_2.00)	ENSDARG00000032317	410	419	+	14.1939	6.48e-06	0.198	AGCATATGTC
ENSDARG00000056732	(her4)_(Homo_sapiens)_(NA)_(MA0821.1)	ENSDARG00000055294	457	468	+	11.2951	7.57e-06	0.233	CGGCGCGTGCCG
ENSDARG00000056729	(her4)_(Homo_sapiens)_(NA)_(MA0821.1)	ENSDARG00000055294	457	468	+	11.2951	7.57e-06	0.233	CGGCGCGTGCCG
ENSDARG00000054562	(her15)_(Homo_sapiens)_(NA)_(MA0821.1)	ENSDARG00000055294	457	468	+	11.2951	7.57e-06	0.233	CGGCGCGTGCCG
ENSDARG00000054560	(her15)_(Homo_sapiens)_(NA)_(MA0821.1)	ENSDARG00000055294	457	468	+	11.2951	7.57e-06	0.233	CGGCGCGTGCCG
ENSDARG00000018757	(klf5l)_(Mus_musculus)_(DBD_0.88)_(M00134_2.00)	ENSDARG00000043531	422	431	+	12.1636	7.76e-06	0.0532	GACACGCCCA
ENSDARG00000018757	(klf5l)_(Mus_musculus)_(DBD_0.88)_(M00134_2.00)	ENSDARG00000031664	490	499	+	12.1636	7.76e-06	0.0532	GACACGCCCA
ENSDARG00000059337	(tgif1)_(Mus_musculus)_(DBD_0.85)_(M00521_2.00)	ENSDARG00000104773	428	437	-	10.4303	8.06e-06	0.383	ACTGACAGCT
ENSDARG00000020746	(gfi1aa)_(Homo_sapiens)_(DBD_0.96)_(M00238_2.00)	ENSDARG00000103791	372	380	-	6.59596	8.06e-06	0.358	AAATCACGG
ENSDARG00000015355	(fosl1a)_(Homo_sapiens)_(DBD_0.79)_(M04035_2.00)	ENSDARG00000035622	3	12	-	13.253	8.18e-06	0.101	ATGACATCAT
ENSDARG00000070538	(hey1)_(Homo_sapiens)_(DBD_0.98)_(M02793_2.00)	ENSDARG00000091756	259	268	+	13.4606	8.8e-06	0.19	GGCACGTGCG
ENSDARG00000035508	(barhl1a)_(Mus_musculus)_(DBD_1.0)_(M00433_2.00)	ENSDARG00000038792	167	175	-	8.53143	8.94e-06	0.509	CTAATTGGT
ENSDARG00000002445	(prdm1a)_(Homo_sapiens)_(DBD_0.98)_(M4545_1.02)	ENSDARG00000103791	206	220	-	13.6048	9.05e-06	0.339	AGAAATGGAAAGTGC
ENSDARG00000070538	(hey1)_(Homo_sapiens)_(DBD_0.98)_(M02793_2.00)	ENSDARG00000055294	458	467	-	13.4545	9.21e-06	0.19	GGCACGCGCC
ENSDARG00000032317	(tox)_(Mus_musculus)_(NA)_(Artegiani_et_al_2015)	ENSDARG00000002937	96	105	+	13.8061	1.03e-05	0.158	GCGCGCGGCG
ENSDARG00000032317	(tox)_(Mus_musculus)_(NA)_(Artegiani_et_al_2015)	ENSDARG00000100244	239	248	-	13.8061	1.03e-05	0.158	GCGCGCGGCG
ENSDARG00000019810	(nfe2l3)_(Drosophila_melanogaster)_(DBD_0.50)_(M03656_2.00)	ENSDARG00000071560	409	424	+	12.6061	1.04e-05	0.159	GTCATTCTGATGTGAC
ENSDARG00000037421	(egr1)_(Mus_musculus)_(DBD_0.97)_(M00375_2.00)	ENSDARG00000063438	324	332	-	10.3373	1.07e-05	0.664	GCCCACGCC
ENSDARG00000059836	(ddit3)_(Mus_musculus)_(NA)_(UN0251.1)	ENSDARG00000035622	434	448	-	14.2294	1.08e-05	0.127	AGCTGATGTAAGTTT
ENSDARG00000101919	(foxj1a)_(Mus_musculus)_(DBD_0.95)_(M00161_2.00)	ENSDARG00000005559	213	224	-	12.6848	1.09e-05	0.113	CATAAACAAATT
ENSDARG00000099564	(atoh1b)_(Mus_musculus)_(DBD_0.81)_(M01754_2.00)	ENSDARG00000056732	187	196	-	13.0424	1.12e-05	0.677	AACATATGTC
ENSDARG00000091756	(insm1a)_(Homo_sapiens)_(NA)_(MA0155.1)	ENSDARG00000040764	460	471	-	13.9184	1.15e-05	0.709	GGCTTGGGGGCG
ENSDARG00000053301	(insm1b)_(Homo_sapiens)_(NA)_(MA0155.1)	ENSDARG00000040764	460	471	-	13.9184	1.15e-05	0.709	GGCTTGGGGGCG
ENSDARG00000059836	(ddit3)_(Mus_musculus)_(NA)_(UN0251.1)	ENSDARG00000063438	187	201	+	14.1101	1.17e-05	0.127	CGATGATGTAACTTC
ENSDARG00000101919	(foxj1a)_(Mus_musculus)_(DBD_0.95)_(M00161_2.00)	ENSDARG00000035622	204	215	-	12.6424	1.2e-05	0.113	CATAAACAAAGG
ENSDARG00000037030	(casz1)_(Homo_sapiens)_(NA)_(Liu_et_al_2020)	ENSDARG00000059337	355	362	+	14.0424	1.21e-05	0.206	AGCAGCTG
ENSDARG00000037030	(casz1)_(Homo_sapiens)_(NA)_(Liu_et_al_2020)	ENSDARG00000004588	402	409	+	14.0424	1.21e-05	0.206	AGCAGCTG
ENSDARG00000037030	(casz1)_(Homo_sapiens)_(NA)_(Liu_et_al_2020)	ENSDARG00000042667	277	284	-	14.0424	1.21e-05	0.206	AGCAGCTG
ENSDARG00000002445	(prdm1a)_(Homo_sapiens)_(DBD_0.98)_(M4545_1.02)	ENSDARG00000019810	297	311	+	13.2156	1.23e-05	0.339	AGAGAGAGAGAGTGA
ENSDARG00000018757	(klf5l)_(Mus_musculus)_(DBD_0.88)_(M00134_2.00)	ENSDARG00000042667	483	492	-	11.9818	1.24e-05	0.0746	TCCACGCCCC
ENSDARG00000015355	(fosl1a)_(Homo_sapiens)_(DBD_0.79)_(M04035_2.00)	ENSDARG00000035622	3	12	+	13.0181	1.25e-05	0.128	ATGATGTCAT
ENSDARG00000032317	(tox)_(Mus_musculus)_(NA)_(Artegiani_et_al_2015)	ENSDARG00000002937	419	428	+	13.697	1.28e-05	0.158	GGGGGGCGCG
ENSDARG00000053569	(sox3)_(Mus_musculus)_(DBD_0.96)_(M00208_2.00)	ENSDARG00000091756	435	443	-	7.07339	1.3e-05	0.26	ATTGTTCTC
ENSDARG00000053569	(sox3)_(Mus_musculus)_(DBD_0.96)_(M00208_2.00)	ENSDARG00000053301	452	460	-	7.07339	1.3e-05	0.26	ATTGTTCTC
ENSDARG00000008131	(sox1b)_(Mus_musculus)_(DBD_0.96)_(M00208_2.00)	ENSDARG00000091756	435	443	-	7.07339	1.3e-05	0.26	ATTGTTCTC
ENSDARG00000008131	(sox1b)_(Mus_musculus)_(DBD_0.96)_(M00208_2.00)	ENSDARG00000053301	452	460	-	7.07339	1.3e-05	0.26	ATTGTTCTC
ENSDARG00000059836	(ddit3)_(Mus_musculus)_(NA)_(UN0251.1)	ENSDARG00000004588	96	110	-	13.9266	1.33e-05	0.127	TGCTGATGTAACAAA
ENSDARG00000018757	(klf5l)_(Mus_musculus)_(DBD_0.88)_(M00134_2.00)	ENSDARG00000019335	248	257	-	11.9152	1.33e-05	0.0746	GACCCGCCCA
ENSDARG00000101919	(foxj1a)_(Mus_musculus)_(DBD_0.95)_(M00161_2.00)	ENSDARG00000015355	119	130	-	12.5273	1.42e-05	0.115	AACAAACAAACT
ENSDARG00000034785	(dachb)_(Homo_sapiens)_(NA)_(UN0306.1)	ENSDARG00000055283	484	493	-	13.3714	1.48e-05	0.153	CCCAGCTGGG
ENSDARG00000034785	(dachb)_(Homo_sapiens)_(NA)_(UN0306.1)	ENSDARG00000055283	484	493	+	13.3714	1.48e-05	0.153	CCCAGCTGGG
ENSDARG00000035622	(xbp1)_(Mus_musculus)_(DBD_0.77)_(M00757_2.00)	ENSDARG00000074378	385	394	-	7.41899	1.5e-05	0.512	GATGACGTTG
ENSDARG00000037639	(nkx3)_(Mus_musculus)_(DBD_1.00)_(M00506_2.00)	ENSDARG00000095743	329	337	-	8.55429	1.63e-05	0.567	TTAAGTGGT
ENSDARG00000035622	(xbp1)_(Mus_musculus)_(DBD_0.77)_(M00757_2.00)	ENSDARG00000037639	366	375	+	7.41341	1.66e-05	0.512	GGCGACGTGG
ENSDARG00000059337	(tgif1)_(Mus_musculus)_(DBD_0.85)_(M00521_2.00)	ENSDARG00000074378	401	410	+	10.3879	1.72e-05	0.383	TCTGACAGCT
ENSDARG00000015355	(fosl1a)_(Homo_sapiens)_(DBD_0.79)_(M04035_2.00)	ENSDARG00000031683	228	237	-	12.759	1.74e-05	0.149	AAGACGTCAT
ENSDARG00000034785	(dachb)_(Homo_sapiens)_(NA)_(UN0306.1)	ENSDARG00000104773	425	434	-	13.2857	1.76e-05	0.155	GACAGCTGGT
ENSDARG00000042667	(klf2a)_(Homo_sapiens)_(DBD_0.93)_(M04455_2.00)	ENSDARG00000042667	483	493	-	12.3916	1.78e-05	0.127	CTCCACGCCCC
ENSDARG00000038792	(klf17)_(Homo_sapiens)_(DBD_0.93)_(M04455_2.00)	ENSDARG00000042667	483	493	-	12.3916	1.78e-05	0.127	CTCCACGCCCC
ENSDARG00000053569	(sox3)_(Mus_musculus)_(DBD_0.96)_(M00208_2.00)	ENSDARG00000099564	336	344	-	7.05963	1.79e-05	0.26	ATTGTTCTG
ENSDARG00000008131	(sox1b)_(Mus_musculus)_(DBD_0.96)_(M00208_2.00)	ENSDARG00000099564	336	344	-	7.05963	1.79e-05	0.26	ATTGTTCTG
ENSDARG00000004588	(sox4a)_(Homo_sapiens)_(DBD_1.00)_(M01026_2.00)	ENSDARG00000035622	204	211	-	13.297	1.79e-05	0.516	AACAAAGG
ENSDARG00000004588	(sox4a)_(Homo_sapiens)_(DBD_1.00)_(M01026_2.00)	ENSDARG00000042667	249	256	-	13.297	1.79e-05	0.516	AACAAAGG
ENSDARG00000002937	(meis1a)_(Mus_musculus)_(DBD_0.96)_(M00488_2.00)	ENSDARG00000018757	397	405	-	10.3234	1.87e-05	0.436	GTGACAGCT
ENSDARG00000042667	(klf2a)_(Homo_sapiens)_(DBD_0.93)_(M04455_2.00)	ENSDARG00000004588	368	378	-	12.2892	1.89e-05	0.127	AGCCGCGCCCC
ENSDARG00000038792	(klf17)_(Homo_sapiens)_(DBD_0.93)_(M04455_2.00)	ENSDARG00000004588	368	378	-	12.2892	1.89e-05	0.127	AGCCGCGCCCC
ENSDARG00000020746	(gfi1aa)_(Homo_sapiens)_(DBD_0.96)_(M00238_2.00)	ENSDARG00000074030	390	398	-	6.43098	1.94e-05	0.358	CAATCAGGG
ENSDARG00000020746	(gfi1aa)_(Homo_sapiens)_(DBD_0.96)_(M00238_2.00)	ENSDARG00000053301	419	427	-	6.43098	1.94e-05	0.358	CAATCAGGG
ENSDARG00000037639	(nkx3)_(Mus_musculus)_(DBD_1.00)_(M00506_2.00)	ENSDARG00000035622	161	169	+	8.43429	1.96e-05	0.567	CTAAGTGCC
ENSDARG00000100244	(ebf3a)_(Mus_musculus)_(DBD_0.94)_(M09045_2.00)	ENSDARG00000056729	330	342	-	12.5758	2.06e-05	1	CATCTCTGGGGAG
ENSDARG00000103791	(nme2)_(Homo_sapiens)_(NA)_(Yadav_et_al_2014)	ENSDARG00000103791	454	465	+	12.3036	2.1e-05	0.4	AGCCGCGGCGGC
ENSDARG00000042667	(klf2a)_(Homo_sapiens)_(DBD_0.93)_(M04455_2.00)	ENSDARG00000038792	439	449	+	12.1867	2.11e-05	0.127	GAACACGCCCA
ENSDARG00000038792	(klf17)_(Homo_sapiens)_(DBD_0.93)_(M04455_2.00)	ENSDARG00000038792	439	449	+	12.1867	2.11e-05	0.127	GAACACGCCCA
ENSDARG00000059337	(tgif1)_(Mus_musculus)_(DBD_0.85)_(M00521_2.00)	ENSDARG00000018757	397	406	-	10.3758	2.12e-05	0.383	AGTGACAGCT
ENSDARG00000018757	(klf5l)_(Mus_musculus)_(DBD_0.88)_(M00134_2.00)	ENSDARG00000104773	417	426	-	11.7152	2.13e-05	0.104	GTCACGCCCC
ENSDARG00000034293	(hif1ab)_(Homo_sapiens)_(NA)_(MA1106.1)	ENSDARG00000100244	431	440	+	12.8689	2.17e-05	0.445	CCACGTGCGC
ENSDARG00000071560	(dlx4b)_(Mus_musculus)_(DBD_0.90)_(M00409_2.00)	ENSDARG00000020746	198	205	+	7.27374	2.18e-05	0.629	ATAATTGC
ENSDARG00000071560	(dlx4b)_(Mus_musculus)_(DBD_0.90)_(M00409_2.00)	ENSDARG00000028335	201	208	+	7.27374	2.18e-05	0.629	ATAATTGC
ENSDARG00000070922	(cnbpb)_(Homo_sapiens)_(NA)_(Lee_et_al_2017)	ENSDARG00000038792	37	44	+	13.2909	2.18e-05	0.985	AAATGAGA
ENSDARG00000044375	(zgc:158291)_(Caenorhabditis_elegans)_(NA)_(M1229_1.02)	ENSDARG00000004757	183	190	-	13.2899	2.18e-05	0.419	ATATGCAT
ENSDARG00000044375	(zgc:158291)_(Caenorhabditis_elegans)_(NA)_(M1229_1.02)	ENSDARG00000034956	265	272	-	13.2899	2.18e-05	0.419	ATATGCAT
ENSDARG00000044375	(zgc:158291)_(Caenorhabditis_elegans)_(NA)_(M1229_1.02)	ENSDARG00000037030	358	365	-	13.2899	2.18e-05	0.419	ATATGCAT
ENSDARG00000005559	(pou4f1)_(Caenorhabditis_elegans)_(DBD_0.83)_(M1229_1.02)	ENSDARG00000004757	183	190	-	13.2899	2.18e-05	0.417	ATATGCAT
ENSDARG00000005559	(pou4f1)_(Caenorhabditis_elegans)_(DBD_0.83)_(M1229_1.02)	ENSDARG00000034956	265	272	-	13.2899	2.18e-05	0.417	ATATGCAT
ENSDARG00000005559	(pou4f1)_(Caenorhabditis_elegans)_(DBD_0.83)_(M1229_1.02)	ENSDARG00000037030	358	365	-	13.2899	2.18e-05	0.417	ATATGCAT
ENSDARG00000095743	(sox11b)_(Mus_musculus)_(DBD_0.99)_(M00210_2.00)	ENSDARG00000099564	336	344	-	8.76879	2.19e-05	0.405	ATTGTTCTG
ENSDARG00000037030	(casz1)_(Homo_sapiens)_(NA)_(Liu_et_al_2020)	ENSDARG00000101919	279	286	+	13.6182	2.2e-05	0.206	CGCAGCTG
ENSDARG00000037030	(casz1)_(Homo_sapiens)_(NA)_(Liu_et_al_2020)	ENSDARG00000101919	370	377	+	13.6182	2.2e-05	0.206	CGCAGCTG
ENSDARG00000037030	(casz1)_(Homo_sapiens)_(NA)_(Liu_et_al_2020)	ENSDARG00000008131	332	339	-	13.6182	2.2e-05	0.206	CGCAGCTG
ENSDARG00000015793	(creb3l1)_(Monodelphis_domestica)_(DBD_0.78)_(M01143_2.00)	ENSDARG00000035508	300	307	+	12.1566	2.2e-05	0.726	GACGTGGC
ENSDARG00000055283	(id2a)_(Mus_musculus)_(NA)_(M0189_1.02)	ENSDARG00000100244	431	438	-	13.0242	2.2e-05	1	GCACGTGG
ENSDARG00000040764	(id1)_(Mus_musculus)_(NA)_(M0189_1.02)	ENSDARG00000100244	431	438	-	13.0242	2.2e-05	1	GCACGTGG
ENSDARG00000032317	(tox)_(Mus_musculus)_(NA)_(Artegiani_et_al_2015)	ENSDARG00000002937	91	100	+	13.1273	2.21e-05	0.18	CGCGGGCGCG
ENSDARG00000012656	(atf6)_(Homo_sapiens)_(DBD_0.69)_(M04018_2.00)	ENSDARG00000035508	297	308	+	12.3939	2.22e-05	0.732	AACGACGTGGCG
ENSDARG00000034785	(dachb)_(Homo_sapiens)_(NA)_(UN0306.1)	ENSDARG00000104773	425	434	+	13.2571	2.22e-05	0.171	ACCAGCTGTC
ENSDARG00000056732	(her4)_(Homo_sapiens)_(NA)_(MA0821.1)	ENSDARG00000091756	258	269	-	7.22951	2.25e-05	0.434	GCGCACGTGCCC
ENSDARG00000056729	(her4)_(Homo_sapiens)_(NA)_(MA0821.1)	ENSDARG00000091756	258	269	-	7.22951	2.25e-05	0.434	GCGCACGTGCCC
ENSDARG00000054562	(her15)_(Homo_sapiens)_(NA)_(MA0821.1)	ENSDARG00000091756	258	269	-	7.22951	2.25e-05	0.434	GCGCACGTGCCC
ENSDARG00000054560	(her15)_(Homo_sapiens)_(NA)_(MA0821.1)	ENSDARG00000091756	258	269	-	7.22951	2.25e-05	0.434	GCGCACGTGCCC
ENSDARG00000053569	(sox3)_(Mus_musculus)_(DBD_0.96)_(M00208_2.00)	ENSDARG00000034293	28	36	+	7.01835	2.28e-05	0.26	ATTGTTTCC
ENSDARG00000053569	(sox3)_(Mus_musculus)_(DBD_0.96)_(M00208_2.00)	ENSDARG00000001785	58	66	-	7.01835	2.28e-05	0.26	ATTGTTTCC
ENSDARG00000008131	(sox1b)_(Mus_musculus)_(DBD_0.96)_(M00208_2.00)	ENSDARG00000034293	28	36	+	7.01835	2.28e-05	0.26	ATTGTTTCC
ENSDARG00000008131	(sox1b)_(Mus_musculus)_(DBD_0.96)_(M00208_2.00)	ENSDARG00000001785	58	66	-	7.01835	2.28e-05	0.26	ATTGTTTCC
ENSDARG00000042667	(klf2a)_(Homo_sapiens)_(DBD_0.93)_(M04455_2.00)	ENSDARG00000002937	421	431	-	12.0361	2.28e-05	0.127	CCCCGCGCCCC
ENSDARG00000038792	(klf17)_(Homo_sapiens)_(DBD_0.93)_(M04455_2.00)	ENSDARG00000002937	421	431	-	12.0361	2.28e-05	0.127	CCCCGCGCCCC
ENSDARG00000018757	(klf5l)_(Mus_musculus)_(DBD_0.88)_(M00134_2.00)	ENSDARG00000037421	139	148	-	11.6606	2.33e-05	0.104	GCTCCGCCCT
ENSDARG00000099564	(atoh1b)_(Mus_musculus)_(DBD_0.81)_(M01754_2.00)	ENSDARG00000056732	187	196	+	12.4121	2.33e-05	0.705	GACATATGTT
ENSDARG00000018757	(klf5l)_(Mus_musculus)_(DBD_0.88)_(M00134_2.00)	ENSDARG00000103791	422	431	+	11.6303	2.37e-05	0.104	GCTCCGCCCC
ENSDARG00000012656	(atf6)_(Homo_sapiens)_(DBD_0.69)_(M04018_2.00)	ENSDARG00000020746	301	312	-	12.297	2.38e-05	0.732	GATGATGTGGCC
ENSDARG00000019335	(hes6)_(Homo_sapiens)_(NA)_(MA1493.1)	ENSDARG00000020746	476	485	+	12.8182	2.39e-05	0.849	GGCGCGTGTT
ENSDARG00000042824	(nfe2l2a)_(Homo_sapiens)_(DBD_0.73)_(M08789_2.00)	ENSDARG00000070538	302	315	-	12.1273	2.41e-05	0.732	GTGAGTGAGCAGCT
ENSDARG00000032317	(tox)_(Mus_musculus)_(NA)_(Artegiani_et_al_2015)	ENSDARG00000037421	140	149	+	12.9939	2.46e-05	0.18	GGGCGGAGCG
ENSDARG00000015355	(fosl1a)_(Homo_sapiens)_(DBD_0.79)_(M04035_2.00)	ENSDARG00000031683	228	237	+	12.4096	2.46e-05	0.149	ATGACGTCTT
ENSDARG00000077982	(elf3)_(Mus_musculus)_(DBD_0.93)_(M00156_2.00)	ENSDARG00000012656	441	450	+	8.91477	2.49e-05	0.795	TCCAGGAAGT
ENSDARG00000101919	(foxj1a)_(Mus_musculus)_(DBD_0.95)_(M00161_2.00)	ENSDARG00000004757	382	393	-	11.9818	2.51e-05	0.164	GTTAAACAAATA
ENSDARG00000018757	(klf5l)_(Mus_musculus)_(DBD_0.88)_(M00134_2.00)	ENSDARG00000044375	431	440	-	11.5758	2.52e-05	0.104	GTCCCGCCCA
ENSDARG00000103791	(nme2)_(Homo_sapiens)_(NA)_(Yadav_et_al_2014)	ENSDARG00000002937	438	449	+	12.0476	2.6e-05	0.4	GGGGGAGGGGGG
ENSDARG00000101919	(foxj1a)_(Mus_musculus)_(DBD_0.95)_(M00161_2.00)	ENSDARG00000012656	190	201	+	11.9455	2.61e-05	0.164	GGCAAACAAATA
ENSDARG00000015355	(fosl1a)_(Homo_sapiens)_(DBD_0.79)_(M04035_2.00)	ENSDARG00000071560	278	287	+	12.3735	2.65e-05	0.149	ATTACGTCAC
ENSDARG00000015355	(fosl1a)_(Homo_sapiens)_(DBD_0.79)_(M04035_2.00)	ENSDARG00000095743	435	444	-	12.3735	2.65e-05	0.149	ATTACGTCAC
ENSDARG00000015355	(fosl1a)_(Homo_sapiens)_(DBD_0.79)_(M04035_2.00)	ENSDARG00000002937	461	470	+	12.3735	2.65e-05	0.149	ATTACGTCAC
ENSDARG00000031664	(sox21a)_(Mus_musculus)_(DBD_0.90)_(M00827_2.00)	ENSDARG00000014463	372	379	+	5.86667	2.65e-05	0.302	ATTGTTTT
ENSDARG00000031664	(sox21a)_(Mus_musculus)_(DBD_0.90)_(M00827_2.00)	ENSDARG00000001785	428	435	+	5.86667	2.65e-05	0.302	ATTGTTTT
ENSDARG00000031664	(sox21a)_(Mus_musculus)_(DBD_0.90)_(M00827_2.00)	ENSDARG00000054562	118	125	-	5.86667	2.65e-05	0.302	ATTGTTTT
ENSDARG00000031664	(sox21a)_(Mus_musculus)_(DBD_0.90)_(M00827_2.00)	ENSDARG00000032317	134	141	-	5.86667	2.65e-05	0.302	ATTGTTTT
ENSDARG00000031664	(sox21a)_(Mus_musculus)_(DBD_0.90)_(M00827_2.00)	ENSDARG00000043531	307	314	-	5.86667	2.65e-05	0.302	ATTGTTTT
ENSDARG00000095743	(sox11b)_(Mus_musculus)_(DBD_0.99)_(M00210_2.00)	ENSDARG00000054562	117	125	-	8.7341	2.79e-05	0.405	ATTGTTTTC
ENSDARG00000018757	(klf5l)_(Mus_musculus)_(DBD_0.88)_(M00134_2.00)	ENSDARG00000059836	301	310	+	11.4667	2.89e-05	0.104	GTCCCGCCCC
ENSDARG00000063438	(srebf2)_(Mus_musculus)_(DBD_0.74)_(M00754_2.00)	ENSDARG00000008131	370	379	+	9.47674	2.9e-05	1	GTCACCTGAC
ENSDARG00000002445	(prdm1a)_(Homo_sapiens)_(DBD_0.98)_(M4545_1.02)	ENSDARG00000042824	317	331	+	12.0419	2.93e-05	0.339	CAAGAATGAAAGTGC
ENSDARG00000002937	(meis1a)_(Mus_musculus)_(DBD_0.96)_(M00488_2.00)	ENSDARG00000074378	402	410	+	10.1557	2.94e-05	0.436	CTGACAGCT
ENSDARG00000002937	(meis1a)_(Mus_musculus)_(DBD_0.96)_(M00488_2.00)	ENSDARG00000104773	428	436	-	10.1557	2.94e-05	0.436	CTGACAGCT
ENSDARG00000031683	(fosab)_(Homo_sapiens)_(DBD_0.92)_(M08069_2.00)	ENSDARG00000014626	129	139	+	12.4424	2.95e-05	1	GCTGATTCATT
ENSDARG00000014626	(dlx3b)_(Mus_musculus)_(DBD_1.00)_(M00387_2.00)	ENSDARG00000028335	201	209	+	8.36	2.96e-05	0.943	ATAATTGCT
ENSDARG00000019810	(nfe2l3)_(Drosophila_melanogaster)_(DBD_0.50)_(M03656_2.00)	ENSDARG00000040764	30	45	-	10.6121	2.97e-05	0.362	GGCACCATGACCTAAC
ENSDARG00000002445	(prdm1a)_(Homo_sapiens)_(DBD_0.98)_(M4545_1.02)	ENSDARG00000035508	118	132	+	12	3.02e-05	0.339	AAAGAAAGAAAGTGA
ENSDARG00000055294	(atoh1a)_(Homo_sapiens)_(DBD_0.90)_(M04169_2.00)	ENSDARG00000056732	187	196	+	12.1636	3.03e-05	0.608	GACATATGTT
ENSDARG00000032317	(tox)_(Mus_musculus)_(NA)_(Artegiani_et_al_2015)	ENSDARG00000100244	237	246	-	12.7455	3.04e-05	0.18	GCGCGGCGCG
ENSDARG00000032317	(tox)_(Mus_musculus)_(NA)_(Artegiani_et_al_2015)	ENSDARG00000037639	402	411	+	12.7455	3.04e-05	0.18	GCGCGGCGCG
ENSDARG00000056732	(her4)_(Homo_sapiens)_(NA)_(MA0821.1)	ENSDARG00000053301	268	279	+	5.93443	3.05e-05	0.434	CGGCACGCGCTT
ENSDARG00000056729	(her4)_(Homo_sapiens)_(NA)_(MA0821.1)	ENSDARG00000053301	268	279	+	5.93443	3.05e-05	0.434	CGGCACGCGCTT
ENSDARG00000054562	(her15)_(Homo_sapiens)_(NA)_(MA0821.1)	ENSDARG00000053301	268	279	+	5.93443	3.05e-05	0.434	CGGCACGCGCTT
ENSDARG00000054560	(her15)_(Homo_sapiens)_(NA)_(MA0821.1)	ENSDARG00000053301	268	279	+	5.93443	3.05e-05	0.434	CGGCACGCGCTT
ENSDARG00000018757	(klf5l)_(Mus_musculus)_(DBD_0.88)_(M00134_2.00)	ENSDARG00000004588	368	377	-	11.4182	3.05e-05	0.104	GCCGCGCCCC
ENSDARG00000039117	(tefa)_(Homo_sapiens)_(DBD_0.81)_(M02850_2.00)	ENSDARG00000015793	139	150	+	12.1329	3.07e-05	0.385	TGTTATATAACT
ENSDARG00000034785	(dachb)_(Homo_sapiens)_(NA)_(UN0306.1)	ENSDARG00000059337	355	364	-	13.0571	3.12e-05	0.198	AACAGCTGCT
ENSDARG00000002445	(prdm1a)_(Homo_sapiens)_(DBD_0.98)_(M4545_1.02)	ENSDARG00000037030	399	413	+	11.9401	3.15e-05	0.339	TGAAAGTGAGAGGCA
ENSDARG00000028335	(hmga1a)_(Mus_musculus)_(DBD_0.72)_(M00751_2.00)	ENSDARG00000040764	412	421	+	4.59391	3.16e-05	0.579	CCGCAAAAAT
ENSDARG00000042667	(klf2a)_(Homo_sapiens)_(DBD_0.93)_(M04455_2.00)	ENSDARG00000018757	333	343	+	11.6024	3.16e-05	0.133	GGCCACGCCTA
ENSDARG00000038792	(klf17)_(Homo_sapiens)_(DBD_0.93)_(M04455_2.00)	ENSDARG00000018757	333	343	+	11.6024	3.16e-05	0.133	GGCCACGCCTA
ENSDARG00000037030	(casz1)_(Homo_sapiens)_(NA)_(Liu_et_al_2020)	ENSDARG00000014626	62	69	+	13.097	3.18e-05	0.206	GGCAGCTG
ENSDARG00000037030	(casz1)_(Homo_sapiens)_(NA)_(Liu_et_al_2020)	ENSDARG00000018757	394	401	+	13.097	3.18e-05	0.206	GGCAGCTG
ENSDARG00000034956	(myclb)_(NA)_(NA)_(M1927_1.02)	ENSDARG00000100244	430	437	+	12.297	3.18e-05	1	CCCACGTG
ENSDARG00000009094	(gata2b)_(Mus_musculus)_(DBD_0.96)_(M00166_2.00)	ENSDARG00000063438	87	96	+	7.71176	3.19e-05	0.656	ATGAGATAAG
ENSDARG00000042667	(klf2a)_(Homo_sapiens)_(DBD_0.93)_(M04455_2.00)	ENSDARG00000019335	248	258	-	11.5783	3.21e-05	0.133	CGACCCGCCCA
ENSDARG00000038792	(klf17)_(Homo_sapiens)_(DBD_0.93)_(M04455_2.00)	ENSDARG00000019335	248	258	-	11.5783	3.21e-05	0.133	CGACCCGCCCA
ENSDARG00000042667	(klf2a)_(Homo_sapiens)_(DBD_0.93)_(M04455_2.00)	ENSDARG00000100244	167	177	+	11.5783	3.21e-05	0.133	CACCACCCCCC
ENSDARG00000038792	(klf17)_(Homo_sapiens)_(DBD_0.93)_(M04455_2.00)	ENSDARG00000100244	167	177	+	11.5783	3.21e-05	0.133	CACCACCCCCC
ENSDARG00000034785	(dachb)_(Homo_sapiens)_(NA)_(UN0306.1)	ENSDARG00000059337	355	364	+	13.0429	3.22e-05	0.198	AGCAGCTGTT
ENSDARG00000018757	(klf5l)_(Mus_musculus)_(DBD_0.88)_(M00134_2.00)	ENSDARG00000018757	334	343	+	11.1758	3.23e-05	0.104	GCCACGCCTA
ENSDARG00000042667	(klf2a)_(Homo_sapiens)_(DBD_0.93)_(M04455_2.00)	ENSDARG00000042824	456	466	-	11.5663	3.24e-05	0.133	GACCACGCCTA
ENSDARG00000038792	(klf17)_(Homo_sapiens)_(DBD_0.93)_(M04455_2.00)	ENSDARG00000042824	456	466	-	11.5663	3.24e-05	0.133	GACCACGCCTA
ENSDARG00000037639	(nkx3)_(Mus_musculus)_(DBD_1.00)_(M00506_2.00)	ENSDARG00000009094	243	251	+	8.38286	3.26e-05	0.628	TTAAGTGCT
ENSDARG00000020746	(gfi1aa)_(Homo_sapiens)_(DBD_0.96)_(M00238_2.00)	ENSDARG00000004588	88	96	-	6.37374	3.26e-05	0.358	AAATCACAG
ENSDARG00000020746	(gfi1aa)_(Homo_sapiens)_(DBD_0.96)_(M00238_2.00)	ENSDARG00000044375	273	281	+	6.37374	3.26e-05	0.358	AAATCACAG
ENSDARG00000018757	(klf5l)_(Mus_musculus)_(DBD_0.88)_(M00134_2.00)	ENSDARG00000038792	440	449	+	11.1394	3.31e-05	0.104	AACACGCCCA
ENSDARG00000074030	(myt1a)_(Mus_musculus)_(NA)_(Mall_et_al_2017)	ENSDARG00000034956	383	394	+	11.8166	3.34e-05	1	AATGTATACTTT
ENSDARG00000053569	(sox3)_(Mus_musculus)_(DBD_0.96)_(M00208_2.00)	ENSDARG00000054562	117	125	-	6.99541	3.37e-05	0.32	ATTGTTTTC
ENSDARG00000008131	(sox1b)_(Mus_musculus)_(DBD_0.96)_(M00208_2.00)	ENSDARG00000054562	117	125	-	6.99541	3.37e-05	0.32	ATTGTTTTC
ENSDARG00000014626	(dlx3b)_(Mus_musculus)_(DBD_1.00)_(M00387_2.00)	ENSDARG00000015355	363	371	+	8.35429	3.37e-05	0.943	GTAATTGCC
ENSDARG00000018757	(klf5l)_(Mus_musculus)_(DBD_0.88)_(M00134_2.00)	ENSDARG00000044375	320	329	+	11.097	3.37e-05	0.104	GCCACGCCTT
ENSDARG00000009094	(gata2b)_(Mus_musculus)_(DBD_0.96)_(M00166_2.00)	ENSDARG00000043531	407	416	-	7.65882	3.44e-05	0.656	TTCAGATAAG
ENSDARG00000035622	(xbp1)_(Mus_musculus)_(DBD_0.77)_(M00757_2.00)	ENSDARG00000100244	437	446	-	7.18994	3.51e-05	0.578	GATGACGCGC
ENSDARG00000026473	(six1b)_(Mus_musculus)_(DBD_0.98)_(M00512_2.00)	ENSDARG00000070538	475	484	+	7.88636	3.54e-05	1	ATGATACCGT
ENSDARG00000039117	(tefa)_(Homo_sapiens)_(DBD_0.81)_(M02850_2.00)	ENSDARG00000002937	277	288	+	11.9884	3.57e-05	0.385	CGTTATGCAACA
ENSDARG00000037397	(ssrp1a)_(Neurospora_crassa)_(DBD_0.43)_(M02490_2.00)	ENSDARG00000039117	148	157	+	4.92308	3.58e-05	0.897	CAATTCGCAT
ENSDARG00000070538	(hey1)_(Homo_sapiens)_(DBD_0.98)_(M02793_2.00)	ENSDARG00000055294	458	467	+	11.9818	3.59e-05	0.554	GGCGCGTGCC
ENSDARG00000059337	(tgif1)_(Mus_musculus)_(DBD_0.85)_(M00521_2.00)	ENSDARG00000037639	124	133	-	10.1212	3.6e-05	0.383	ACTGACAGGC
ENSDARG00000103791	(nme2)_(Homo_sapiens)_(NA)_(Yadav_et_al_2014)	ENSDARG00000043531	264	275	-	11.6667	3.61e-05	0.427	GACCGTGGCGGG
ENSDARG00000055283	(id2a)_(Mus_musculus)_(NA)_(M0189_1.02)	ENSDARG00000037397	414	421	-	12.5152	3.66e-05	1	ACACGTGA
ENSDARG00000040764	(id1)_(Mus_musculus)_(NA)_(M0189_1.02)	ENSDARG00000037397	414	421	-	12.5152	3.66e-05	1	ACACGTGA
ENSDARG00000042667	(klf2a)_(Homo_sapiens)_(DBD_0.93)_(M04455_2.00)	ENSDARG00000043531	421	431	+	11.4277	3.68e-05	0.133	TGACACGCCCA
ENSDARG00000042667	(klf2a)_(Homo_sapiens)_(DBD_0.93)_(M04455_2.00)	ENSDARG00000031664	489	499	+	11.4277	3.68e-05	0.133	TGACACGCCCA
ENSDARG00000038792	(klf17)_(Homo_sapiens)_(DBD_0.93)_(M04455_2.00)	ENSDARG00000043531	421	431	+	11.4277	3.68e-05	0.133	TGACACGCCCA
ENSDARG00000038792	(klf17)_(Homo_sapiens)_(DBD_0.93)_(M04455_2.00)	ENSDARG00000031664	489	499	+	11.4277	3.68e-05	0.133	TGACACGCCCA
ENSDARG00000032317	(tox)_(Mus_musculus)_(NA)_(Artegiani_et_al_2015)	ENSDARG00000100244	236	245	+	12.4727	3.69e-05	0.18	GCGCGCCGCG
ENSDARG00000016858	(smad7)_(Mus_musculus)_(NA)_(PB0060.1)	ENSDARG00000002937	21	37	-	12.2683	3.71e-05	0.845	CGCACCCAGACGAGTGA
ENSDARG00000059337	(tgif1)_(Mus_musculus)_(DBD_0.85)_(M00521_2.00)	ENSDARG00000070538	232	241	+	10.1152	3.72e-05	0.383	GCTGACAGCC
ENSDARG00000020746	(gfi1aa)_(Homo_sapiens)_(DBD_0.96)_(M00238_2.00)	ENSDARG00000055283	283	291	-	6.36364	3.75e-05	0.358	AAATCAGTG
ENSDARG00000032317	(tox)_(Mus_musculus)_(NA)_(Artegiani_et_al_2015)	ENSDARG00000037639	262	271	-	12.4121	3.8e-05	0.18	CGGCGGCGCG
ENSDARG00000019810	(nfe2l3)_(Drosophila_melanogaster)_(DBD_0.50)_(M03656_2.00)	ENSDARG00000015793	324	339	+	10.1091	3.81e-05	0.387	ATCACCATGAATTCAT
ENSDARG00000002937	(meis1a)_(Mus_musculus)_(DBD_0.96)_(M00488_2.00)	ENSDARG00000095743	306	314	-	10.0359	3.87e-05	0.436	ATGACAGGC
ENSDARG00000059337	(tgif1)_(Mus_musculus)_(DBD_0.85)_(M00521_2.00)	ENSDARG00000095743	306	315	-	10.1091	3.9e-05	0.383	AATGACAGGC
ENSDARG00000032317	(tox)_(Mus_musculus)_(NA)_(Artegiani_et_al_2015)	ENSDARG00000103791	457	466	-	12.3879	3.91e-05	0.18	CGCCGCCGCG
ENSDARG00000044375	(zgc:158291)_(Caenorhabditis_elegans)_(NA)_(M1229_1.02)	ENSDARG00000031664	176	183	-	12.6272	3.96e-05	0.572	GTATGCAT
ENSDARG00000005559	(pou4f1)_(Caenorhabditis_elegans)_(DBD_0.83)_(M1229_1.02)	ENSDARG00000031664	176	183	-	12.6272	3.96e-05	0.57	GTATGCAT
ENSDARG00000055294	(atoh1a)_(Homo_sapiens)_(DBD_0.90)_(M04169_2.00)	ENSDARG00000032317	410	419	-	11.5758	3.98e-05	0.608	GACATATGCT
ENSDARG00000100244	(ebf3a)_(Mus_musculus)_(DBD_0.94)_(M09045_2.00)	ENSDARG00000026473	400	412	+	11.6545	4.01e-05	1	GTCCCCGTGGGAG
ENSDARG00000019335	(hes6)_(Homo_sapiens)_(NA)_(MA1493.1)	ENSDARG00000055294	387	396	-	11.4242	4.02e-05	0.849	GGCGCGTGTA
ENSDARG00000032317	(tox)_(Mus_musculus)_(NA)_(Artegiani_et_al_2015)	ENSDARG00000104773	340	349	-	12.3333	4.08e-05	0.18	GGGCGAAGCG
ENSDARG00000039117	(tefa)_(Homo_sapiens)_(DBD_0.81)_(M02850_2.00)	ENSDARG00000031683	148	159	-	11.8208	4.11e-05	0.385	CATTATGTAAAG
ENSDARG00000039117	(tefa)_(Homo_sapiens)_(DBD_0.81)_(M02850_2.00)	ENSDARG00000015793	139	150	-	11.8092	4.15e-05	0.385	AGTTATATAACA
ENSDARG00000039117	(tefa)_(Homo_sapiens)_(DBD_0.81)_(M02850_2.00)	ENSDARG00000054562	342	353	-	11.8092	4.15e-05	0.385	TATTATATAATT
ENSDARG00000056732	(her4)_(Homo_sapiens)_(NA)_(MA0821.1)	ENSDARG00000091756	258	269	+	4.67213	4.16e-05	0.434	GGGCACGTGCGC
ENSDARG00000056729	(her4)_(Homo_sapiens)_(NA)_(MA0821.1)	ENSDARG00000091756	258	269	+	4.67213	4.16e-05	0.434	GGGCACGTGCGC
ENSDARG00000054562	(her15)_(Homo_sapiens)_(NA)_(MA0821.1)	ENSDARG00000091756	258	269	+	4.67213	4.16e-05	0.434	GGGCACGTGCGC
ENSDARG00000054560	(her15)_(Homo_sapiens)_(NA)_(MA0821.1)	ENSDARG00000091756	258	269	+	4.67213	4.16e-05	0.434	GGGCACGTGCGC
ENSDARG00000032317	(tox)_(Mus_musculus)_(NA)_(Artegiani_et_al_2015)	ENSDARG00000026473	41	50	+	12.2364	4.17e-05	0.18	GCGCGCAGCG
ENSDARG00000002445	(prdm1a)_(Homo_sapiens)_(DBD_0.98)_(M4545_1.02)	ENSDARG00000019335	44	58	+	11.5269	4.21e-05	0.339	AAAAAATGAAAGGTA
ENSDARG00000028335	(hmga1a)_(Mus_musculus)_(DBD_0.72)_(M00751_2.00)	ENSDARG00000040764	1	10	+	4.54315	4.23e-05	0.579	CCCCAATAAA
ENSDARG00000042667	(klf2a)_(Homo_sapiens)_(DBD_0.93)_(M04455_2.00)	ENSDARG00000040764	240	250	+	11.2651	4.23e-05	0.144	ACCCCCACCCT
ENSDARG00000038792	(klf17)_(Homo_sapiens)_(DBD_0.93)_(M04455_2.00)	ENSDARG00000040764	240	250	+	11.2651	4.23e-05	0.144	ACCCCCACCCT
ENSDARG00000002445	(prdm1a)_(Homo_sapiens)_(DBD_0.98)_(M4545_1.02)	ENSDARG00000055283	340	354	-	11.515	4.24e-05	0.339	GACCAGTGAAAGCGC
ENSDARG00000101919	(foxj1a)_(Mus_musculus)_(DBD_0.95)_(M00161_2.00)	ENSDARG00000095743	232	243	-	11.4545	4.25e-05	0.187	ACCAAACAAATA
ENSDARG00000012656	(atf6)_(Homo_sapiens)_(DBD_0.69)_(M04018_2.00)	ENSDARG00000054560	140	151	+	11.3333	4.31e-05	0.733	GGGGACGTTGCA
ENSDARG00000077982	(elf3)_(Mus_musculus)_(DBD_0.93)_(M00156_2.00)	ENSDARG00000034293	221	230	-	8.78409	4.31e-05	0.795	AACAGGAAAT
ENSDARG00000059337	(tgif1)_(Mus_musculus)_(DBD_0.85)_(M00521_2.00)	ENSDARG00000039117	297	306	-	10.0788	4.35e-05	0.383	TCTGACAGCC
ENSDARG00000032317	(tox)_(Mus_musculus)_(NA)_(Artegiani_et_al_2015)	ENSDARG00000055294	454	463	+	12.1758	4.38e-05	0.18	CCCCGGCGCG
ENSDARG00000035622	(xbp1)_(Mus_musculus)_(DBD_0.77)_(M00757_2.00)	ENSDARG00000004757	466	475	+	7.0838	4.39e-05	0.578	GCTGACGTTG
ENSDARG00000018757	(klf5l)_(Mus_musculus)_(DBD_0.88)_(M00134_2.00)	ENSDARG00000070538	359	368	-	10.8182	4.45e-05	0.131	GCCCCGCCTC
ENSDARG00000103791	(nme2)_(Homo_sapiens)_(NA)_(Yadav_et_al_2014)	ENSDARG00000099564	431	442	+	11.3988	4.47e-05	0.427	GGCCGTGGGAGG
ENSDARG00000034785	(dachb)_(Homo_sapiens)_(NA)_(UN0306.1)	ENSDARG00000042667	275	284	+	12.6857	4.49e-05	0.229	CACAGCTGCT
ENSDARG00000101919	(foxj1a)_(Mus_musculus)_(DBD_0.95)_(M00161_2.00)	ENSDARG00000095743	150	161	+	11.3697	4.51e-05	0.187	CAAAAACAAATA
ENSDARG00000070538	(hey1)_(Homo_sapiens)_(DBD_0.98)_(M02793_2.00)	ENSDARG00000100244	430	439	+	11.497	4.51e-05	0.557	CCCACGTGCG
ENSDARG00000037421	(egr1)_(Mus_musculus)_(DBD_0.97)_(M00375_2.00)	ENSDARG00000100244	429	437	+	9.36095	4.59e-05	1	GCCCACGTG
ENSDARG00000056732	(her4)_(Homo_sapiens)_(NA)_(MA0821.1)	ENSDARG00000020746	475	486	-	4.2459	4.6e-05	0.434	AAACACGCGCCT
ENSDARG00000056729	(her4)_(Homo_sapiens)_(NA)_(MA0821.1)	ENSDARG00000020746	475	486	-	4.2459	4.6e-05	0.434	AAACACGCGCCT
ENSDARG00000054562	(her15)_(Homo_sapiens)_(NA)_(MA0821.1)	ENSDARG00000020746	475	486	-	4.2459	4.6e-05	0.434	AAACACGCGCCT
ENSDARG00000054560	(her15)_(Homo_sapiens)_(NA)_(MA0821.1)	ENSDARG00000020746	475	486	-	4.2459	4.6e-05	0.434	AAACACGCGCCT
ENSDARG00000034785	(dachb)_(Homo_sapiens)_(NA)_(UN0306.1)	ENSDARG00000042667	275	284	-	12.6714	4.64e-05	0.229	AGCAGCTGTG
ENSDARG00000037030	(casz1)_(Homo_sapiens)_(NA)_(Liu_et_al_2020)	ENSDARG00000059337	43	50	+	12.6061	4.65e-05	0.206	AACAGCTG
ENSDARG00000037030	(casz1)_(Homo_sapiens)_(NA)_(Liu_et_al_2020)	ENSDARG00000059337	45	52	-	12.6061	4.65e-05	0.206	AACAGCTG
ENSDARG00000037030	(casz1)_(Homo_sapiens)_(NA)_(Liu_et_al_2020)	ENSDARG00000059337	288	295	+	12.6061	4.65e-05	0.206	AACAGCTG
ENSDARG00000037030	(casz1)_(Homo_sapiens)_(NA)_(Liu_et_al_2020)	ENSDARG00000059337	290	297	-	12.6061	4.65e-05	0.206	AACAGCTG
ENSDARG00000037030	(casz1)_(Homo_sapiens)_(NA)_(Liu_et_al_2020)	ENSDARG00000059337	357	364	-	12.6061	4.65e-05	0.206	AACAGCTG
ENSDARG00000037030	(casz1)_(Homo_sapiens)_(NA)_(Liu_et_al_2020)	ENSDARG00000053569	493	500	+	12.6061	4.65e-05	0.206	AACAGCTG
ENSDARG00000015793	(creb3l1)_(Monodelphis_domestica)_(DBD_0.78)_(M01143_2.00)	ENSDARG00000035508	185	192	+	11.3916	4.65e-05	0.726	TACGTGTC
ENSDARG00000015793	(creb3l1)_(Monodelphis_domestica)_(DBD_0.78)_(M01143_2.00)	ENSDARG00000070538	390	397	+	11.3916	4.65e-05	0.726	TACGTGTC
ENSDARG00000101919	(foxj1a)_(Mus_musculus)_(DBD_0.95)_(M00161_2.00)	ENSDARG00000015793	257	268	+	11.3212	4.66e-05	0.187	CATAAACAACCC
ENSDARG00000004757	(ybx1)_(Nematostella_vectensis)_(DBD_0.82)_(M01207_2.00)	ENSDARG00000053301	225	232	+	5.28718	4.72e-05	1	GATGATGG
ENSDARG00000026473	(six1b)_(Mus_musculus)_(DBD_0.98)_(M00512_2.00)	ENSDARG00000099564	23	32	+	7.76705	4.77e-05	1	TTGATACCAC
ENSDARG00000031664	(sox21a)_(Mus_musculus)_(DBD_0.90)_(M00827_2.00)	ENSDARG00000099564	337	344	-	5.85	4.83e-05	0.344	ATTGTTCT
ENSDARG00000031664	(sox21a)_(Mus_musculus)_(DBD_0.90)_(M00827_2.00)	ENSDARG00000091756	436	443	-	5.85	4.83e-05	0.344	ATTGTTCT
ENSDARG00000031664	(sox21a)_(Mus_musculus)_(DBD_0.90)_(M00827_2.00)	ENSDARG00000053301	453	460	-	5.85	4.83e-05	0.344	ATTGTTCT
ENSDARG00000077982	(elf3)_(Mus_musculus)_(DBD_0.93)_(M00156_2.00)	ENSDARG00000055283	359	368	+	8.75	4.84e-05	0.795	ACGCGGAAGA
ENSDARG00000103791	(nme2)_(Homo_sapiens)_(NA)_(Yadav_et_al_2014)	ENSDARG00000103791	481	492	-	11.3095	4.87e-05	0.427	GGCGGAAGCAGC
ENSDARG00000016858	(smad7)_(Mus_musculus)_(NA)_(PB0060.1)	ENSDARG00000019335	459	475	+	11.9024	4.87e-05	0.845	TCTGACCAGACAACAGC
ENSDARG00000101919	(foxj1a)_(Mus_musculus)_(DBD_0.95)_(M00161_2.00)	ENSDARG00000104773	353	364	-	11.2909	4.87e-05	0.187	TGTAAACAAGCC
ENSDARG00000034785	(dachb)_(Homo_sapiens)_(NA)_(UN0306.1)	ENSDARG00000070922	470	479	-	12.6286	4.88e-05	0.229	GCCAGCTGAT
ENSDARG00000032317	(tox)_(Mus_musculus)_(NA)_(Artegiani_et_al_2015)	ENSDARG00000037639	264	273	-	11.9576	4.88e-05	0.188	AGCGGCGGCG
ENSDARG00000019810	(nfe2l3)_(Drosophila_melanogaster)_(DBD_0.50)_(M03656_2.00)	ENSDARG00000054560	194	209	+	9.58788	4.89e-05	0.397	GTCAGGCCGATGTCAA
ENSDARG00000101919	(foxj1a)_(Mus_musculus)_(DBD_0.95)_(M00161_2.00)	ENSDARG00000055283	216	227	+	11.2848	4.91e-05	0.187	TACAAACAAATG
ENSDARG00000101919	(foxj1a)_(Mus_musculus)_(DBD_0.95)_(M00161_2.00)	ENSDARG00000004757	293	304	-	11.2788	4.95e-05	0.187	GGGAAACAAACG
ENSDARG00000034293	(hif1ab)_(Homo_sapiens)_(NA)_(MA1106.1)	ENSDARG00000055283	450	459	-	12.1475	5e-05	0.772	CGACGTGCTG
ENSDARG00000039117	(tefa)_(Homo_sapiens)_(DBD_0.81)_(M02850_2.00)	ENSDARG00000035622	346	357	+	11.5896	5.02e-05	0.385	AATTATGTAAAT
ENSDARG00000035622	(xbp1)_(Mus_musculus)_(DBD_0.77)_(M00757_2.00)	ENSDARG00000035622	479	488	-	7.04469	5.04e-05	0.578	GCTGACGTAT
ENSDARG00000002445	(prdm1a)_(Homo_sapiens)_(DBD_0.98)_(M4545_1.02)	ENSDARG00000035508	124	138	+	11.2635	5.05e-05	0.339	AGAAAGTGAAATGAA
ENSDARG00000063438	(srebf2)_(Mus_musculus)_(DBD_0.74)_(M00754_2.00)	ENSDARG00000055294	201	210	-	9.12209	5.07e-05	1	CTCACGCCAT
ENSDARG00000002937	(meis1a)_(Mus_musculus)_(DBD_0.96)_(M00488_2.00)	ENSDARG00000037639	124	132	-	9.88623	5.07e-05	0.436	CTGACAGGC
ENSDARG00000056732	(her4)_(Homo_sapiens)_(NA)_(MA0821.1)	ENSDARG00000053301	268	279	-	3.83607	5.08e-05	0.434	AAGCGCGTGCCG
ENSDARG00000056729	(her4)_(Homo_sapiens)_(NA)_(MA0821.1)	ENSDARG00000053301	268	279	-	3.83607	5.08e-05	0.434	AAGCGCGTGCCG
ENSDARG00000054562	(her15)_(Homo_sapiens)_(NA)_(MA0821.1)	ENSDARG00000053301	268	279	-	3.83607	5.08e-05	0.434	AAGCGCGTGCCG
ENSDARG00000054560	(her15)_(Homo_sapiens)_(NA)_(MA0821.1)	ENSDARG00000053301	268	279	-	3.83607	5.08e-05	0.434	AAGCGCGTGCCG
ENSDARG00000095743	(sox11b)_(Mus_musculus)_(DBD_0.99)_(M00210_2.00)	ENSDARG00000034293	28	36	+	8.60694	5.1e-05	0.494	ATTGTTTCC
ENSDARG00000095743	(sox11b)_(Mus_musculus)_(DBD_0.99)_(M00210_2.00)	ENSDARG00000001785	58	66	-	8.60694	5.1e-05	0.494	ATTGTTTCC
ENSDARG00000042667	(klf2a)_(Homo_sapiens)_(DBD_0.93)_(M04455_2.00)	ENSDARG00000104773	417	427	-	11.0301	5.12e-05	0.166	GGTCACGCCCC
ENSDARG00000038792	(klf17)_(Homo_sapiens)_(DBD_0.93)_(M04455_2.00)	ENSDARG00000104773	417	427	-	11.0301	5.12e-05	0.166	GGTCACGCCCC
ENSDARG00000039117	(tefa)_(Homo_sapiens)_(DBD_0.81)_(M02850_2.00)	ENSDARG00000077982	3	14	+	11.526	5.19e-05	0.385	GTTTATGTAAGG
ENSDARG00000034785	(dachb)_(Homo_sapiens)_(NA)_(UN0306.1)	ENSDARG00000070922	470	479	+	12.6143	5.21e-05	0.229	ATCAGCTGGC
ENSDARG00000074030	(myt1a)_(Mus_musculus)_(NA)_(Mall_et_al_2017)	ENSDARG00000034956	383	394	-	11.2012	5.29e-05	1	AAAGTATACATT
ENSDARG00000002937	(meis1a)_(Mus_musculus)_(DBD_0.96)_(M00488_2.00)	ENSDARG00000070538	233	241	+	9.83234	5.35e-05	0.436	CTGACAGCC
ENSDARG00000002937	(meis1a)_(Mus_musculus)_(DBD_0.96)_(M00488_2.00)	ENSDARG00000039117	297	305	-	9.83234	5.35e-05	0.436	CTGACAGCC
ENSDARG00000034956	(myclb)_(NA)_(NA)_(M1927_1.02)	ENSDARG00000091756	259	266	+	12.0848	5.38e-05	1	GGCACGTG
ENSDARG00000019810	(nfe2l3)_(Drosophila_melanogaster)_(DBD_0.50)_(M03656_2.00)	ENSDARG00000039117	301	316	+	9.38788	5.39e-05	0.397	GTCAGAGTGAGGACAT
ENSDARG00000042824	(nfe2l2a)_(Homo_sapiens)_(DBD_0.73)_(M08789_2.00)	ENSDARG00000002937	37	50	-	10.8788	5.39e-05	0.823	ATGACTGAGGAATC
ENSDARG00000043531	(jun)_(Mus_musculus)_(DBD_0.95)_(M00995_2.00)	ENSDARG00000104773	401	409	+	11.0909	5.41e-05	0.837	GTGACGTAA
ENSDARG00000043531	(jun)_(Mus_musculus)_(DBD_0.95)_(M00995_2.00)	ENSDARG00000095743	435	443	+	11.0909	5.41e-05	0.837	GTGACGTAA
ENSDARG00000043531	(jun)_(Mus_musculus)_(DBD_0.95)_(M00995_2.00)	ENSDARG00000071560	279	287	-	11.0909	5.41e-05	0.837	GTGACGTAA
ENSDARG00000043531	(jun)_(Mus_musculus)_(DBD_0.95)_(M00995_2.00)	ENSDARG00000002937	462	470	-	11.0909	5.41e-05	0.837	GTGACGTAA
ENSDARG00000039117	(tefa)_(Homo_sapiens)_(DBD_0.81)_(M02850_2.00)	ENSDARG00000054562	342	353	+	11.4855	5.44e-05	0.385	AATTATATAATA
ENSDARG00000059337	(tgif1)_(Mus_musculus)_(DBD_0.85)_(M00521_2.00)	ENSDARG00000008131	443	452	-	9.93939	5.46e-05	0.421	TTTGACAGGG
ENSDARG00000001785	(irx2a)_(Mus_musculus)_(DBD_0.98)_(M00386_2.00)	ENSDARG00000019335	266	274	+	5.80556	5.53e-05	1	CGTACAAGC
ENSDARG00000035622	(xbp1)_(Mus_musculus)_(DBD_0.77)_(M00757_2.00)	ENSDARG00000008131	366	375	-	7	5.62e-05	0.578	GGTGACGCGC
ENSDARG00000035508	(barhl1a)_(Mus_musculus)_(DBD_1.0)_(M00433_2.00)	ENSDARG00000009094	344	352	-	7.96571	5.64e-05	1	TTAATTGGT
ENSDARG00000056732	(her4)_(Homo_sapiens)_(NA)_(MA0821.1)	ENSDARG00000056729	376	387	+	3.42623	5.65e-05	0.434	CGCCATGTGTCA
ENSDARG00000056729	(her4)_(Homo_sapiens)_(NA)_(MA0821.1)	ENSDARG00000056729	376	387	+	3.42623	5.65e-05	0.434	CGCCATGTGTCA
ENSDARG00000054562	(her15)_(Homo_sapiens)_(NA)_(MA0821.1)	ENSDARG00000056729	376	387	+	3.42623	5.65e-05	0.434	CGCCATGTGTCA
ENSDARG00000054560	(her15)_(Homo_sapiens)_(NA)_(MA0821.1)	ENSDARG00000056729	376	387	+	3.42623	5.65e-05	0.434	CGCCATGTGTCA
ENSDARG00000002937	(meis1a)_(Mus_musculus)_(DBD_0.96)_(M00488_2.00)	ENSDARG00000008131	443	451	-	9.48503	5.68e-05	0.436	TTGACAGGG
ENSDARG00000059836	(ddit3)_(Mus_musculus)_(NA)_(UN0251.1)	ENSDARG00000035622	1	15	+	11.0183	5.7e-05	0.419	TTATGATGTCATAGC
ENSDARG00000053569	(sox3)_(Mus_musculus)_(DBD_0.96)_(M00208_2.00)	ENSDARG00000031664	291	299	+	6.83486	5.75e-05	0.469	ATTGTTTGG
ENSDARG00000008131	(sox1b)_(Mus_musculus)_(DBD_0.96)_(M00208_2.00)	ENSDARG00000031664	291	299	+	6.83486	5.75e-05	0.469	ATTGTTTGG
ENSDARG00000004588	(sox4a)_(Homo_sapiens)_(DBD_1.00)_(M01026_2.00)	ENSDARG00000063438	224	231	+	11.8848	5.75e-05	0.553	AACAAAGA
ENSDARG00000004588	(sox4a)_(Homo_sapiens)_(DBD_1.00)_(M01026_2.00)	ENSDARG00000037397	370	377	+	11.8848	5.75e-05	0.553	AACAAAGA
ENSDARG00000004588	(sox4a)_(Homo_sapiens)_(DBD_1.00)_(M01026_2.00)	ENSDARG00000091756	174	181	-	11.8848	5.75e-05	0.553	AACAAAGA
ENSDARG00000004588	(sox4a)_(Homo_sapiens)_(DBD_1.00)_(M01026_2.00)	ENSDARG00000053301	177	184	-	11.8848	5.75e-05	0.553	AACAAAGA
ENSDARG00000070538	(hey1)_(Homo_sapiens)_(DBD_0.98)_(M02793_2.00)	ENSDARG00000020746	476	485	-	11.2667	5.78e-05	0.559	AACACGCGCC
ENSDARG00000002445	(prdm1a)_(Homo_sapiens)_(DBD_0.98)_(M4545_1.02)	ENSDARG00000091756	142	156	+	11.0539	5.83e-05	0.339	TAAAAGTGAACGCGC
ENSDARG00000002445	(prdm1a)_(Homo_sapiens)_(DBD_0.98)_(M4545_1.02)	ENSDARG00000009094	92	106	-	11.0479	5.85e-05	0.339	TCCTAGAGAAAGTGG
ENSDARG00000037030	(casz1)_(Homo_sapiens)_(NA)_(Liu_et_al_2020)	ENSDARG00000042667	275	282	+	12.1818	5.86e-05	0.227	CACAGCTG
ENSDARG00000037030	(casz1)_(Homo_sapiens)_(NA)_(Liu_et_al_2020)	ENSDARG00000008131	492	499	+	12.1818	5.86e-05	0.227	CACAGCTG
ENSDARG00000015793	(creb3l1)_(Monodelphis_domestica)_(DBD_0.78)_(M01143_2.00)	ENSDARG00000044375	264	271	+	11.0723	5.86e-05	0.726	GACGTGTC
ENSDARG00000015793	(creb3l1)_(Monodelphis_domestica)_(DBD_0.78)_(M01143_2.00)	ENSDARG00000020746	387	394	-	11.0723	5.86e-05	0.726	GACGTGTC
ENSDARG00000032317	(tox)_(Mus_musculus)_(NA)_(Artegiani_et_al_2015)	ENSDARG00000103791	454	463	+	11.4909	5.86e-05	0.212	AGCCGCGGCG
ENSDARG00000019810	(nfe2l3)_(Drosophila_melanogaster)_(DBD_0.50)_(M03656_2.00)	ENSDARG00000014463	16	31	+	9.21212	5.86e-05	0.397	ATCAGGCTGATGTTCT
ENSDARG00000020746	(gfi1aa)_(Homo_sapiens)_(DBD_0.96)_(M00238_2.00)	ENSDARG00000039117	187	195	-	6.22559	5.88e-05	0.463	AAATCTCAG
ENSDARG00000042824	(nfe2l2a)_(Homo_sapiens)_(DBD_0.73)_(M08789_2.00)	ENSDARG00000103791	391	404	-	10.7333	5.9e-05	0.823	ATCACTCATCAGAT
ENSDARG00000019335	(hes6)_(Homo_sapiens)_(NA)_(MA1493.1)	ENSDARG00000091756	259	268	-	10.3788	5.93e-05	0.849	CGCACGTGCC
ENSDARG00000015355	(fosl1a)_(Homo_sapiens)_(DBD_0.79)_(M04035_2.00)	ENSDARG00000071560	278	287	-	11.4819	5.95e-05	0.262	GTGACGTAAT
ENSDARG00000015355	(fosl1a)_(Homo_sapiens)_(DBD_0.79)_(M04035_2.00)	ENSDARG00000095743	435	444	+	11.4819	5.95e-05	0.262	GTGACGTAAT
ENSDARG00000015355	(fosl1a)_(Homo_sapiens)_(DBD_0.79)_(M04035_2.00)	ENSDARG00000002937	461	470	-	11.4819	5.95e-05	0.262	GTGACGTAAT
ENSDARG00000037397	(ssrp1a)_(Neurospora_crassa)_(DBD_0.43)_(M02490_2.00)	ENSDARG00000037639	239	248	+	4.81377	5.97e-05	0.897	AGTTTCCCAT
ENSDARG00000037397	(ssrp1a)_(Neurospora_crassa)_(DBD_0.43)_(M02490_2.00)	ENSDARG00000074378	241	250	-	4.81377	5.97e-05	0.897	AGTTTCCCAT
ENSDARG00000037397	(ssrp1a)_(Neurospora_crassa)_(DBD_0.43)_(M02490_2.00)	ENSDARG00000031683	296	305	-	4.81377	5.97e-05	0.897	ACATTCGCAT
ENSDARG00000101919	(foxj1a)_(Mus_musculus)_(DBD_0.95)_(M00161_2.00)	ENSDARG00000063438	220	231	+	11.0727	6e-05	0.213	CAAAAACAAAGA
ENSDARG00000009094	(gata2b)_(Mus_musculus)_(DBD_0.96)_(M00166_2.00)	ENSDARG00000103791	82	91	-	7.50588	6.01e-05	0.86	ACCAGATAAC
ENSDARG00000103791	(nme2)_(Homo_sapiens)_(NA)_(Yadav_et_al_2014)	ENSDARG00000095743	391	402	+	11.0119	6.07e-05	0.466	GGCTTTGGTGGG
ENSDARG00000044375	(zgc:158291)_(Caenorhabditis_elegans)_(NA)_(M1229_1.02)	ENSDARG00000042667	195	202	-	12.3669	6.14e-05	0.708	TTATGCAT
ENSDARG00000005559	(pou4f1)_(Caenorhabditis_elegans)_(DBD_0.83)_(M1229_1.02)	ENSDARG00000042667	195	202	-	12.3669	6.14e-05	0.706	TTATGCAT
ENSDARG00000012656	(atf6)_(Homo_sapiens)_(DBD_0.69)_(M04018_2.00)	ENSDARG00000044375	261	272	+	10.7091	6.17e-05	0.733	CGCGACGTGTCA
ENSDARG00000028335	(hmga1a)_(Mus_musculus)_(DBD_0.72)_(M00751_2.00)	ENSDARG00000001785	365	374	-	4.50254	6.19e-05	0.579	CAGCAATAAA
ENSDARG00000028335	(hmga1a)_(Mus_musculus)_(DBD_0.72)_(M00751_2.00)	ENSDARG00000104773	27	36	+	4.50254	6.19e-05	0.579	CAGCAATAAA
ENSDARG00000012656	(atf6)_(Homo_sapiens)_(DBD_0.69)_(M04018_2.00)	ENSDARG00000095743	404	415	+	10.697	6.2e-05	0.733	GGAGACGCGGCA
ENSDARG00000001785	(irx2a)_(Mus_musculus)_(DBD_0.98)_(M00386_2.00)	ENSDARG00000008131	149	157	+	5.7963	6.21e-05	1	GTTACATGG
ENSDARG00000014463	(usf1l)_(Mus_musculus)_(DBD_0.80)_(M0197_1.02)	ENSDARG00000091756	258	268	+	11.4667	6.27e-05	1	GGGCACGTGCG
ENSDARG00000070538	(hey1)_(Homo_sapiens)_(DBD_0.98)_(M02793_2.00)	ENSDARG00000004588	318	327	+	11.103	6.34e-05	0.559	TGCACGCGCC
ENSDARG00000002937	(meis1a)_(Mus_musculus)_(DBD_0.96)_(M00488_2.00)	ENSDARG00000032317	359	367	-	9.45509	6.35e-05	0.436	TTGACAGGA
ENSDARG00000018757	(klf5l)_(Mus_musculus)_(DBD_0.88)_(M00134_2.00)	ENSDARG00000034785	155	164	-	10.6364	6.39e-05	0.179	ACTCCGCCCT
ENSDARG00000100244	(ebf3a)_(Mus_musculus)_(DBD_0.94)_(M09045_2.00)	ENSDARG00000019335	304	316	+	10.9697	6.41e-05	1	AAACTCAGGGGAC
ENSDARG00000028335	(hmga1a)_(Mus_musculus)_(DBD_0.72)_(M00751_2.00)	ENSDARG00000039117	110	119	-	4.49746	6.41e-05	0.579	GCGGAAAAAT
ENSDARG00000028335	(hmga1a)_(Mus_musculus)_(DBD_0.72)_(M00751_2.00)	ENSDARG00000053569	193	202	-	4.49746	6.41e-05	0.579	CCGGAAAAAT
ENSDARG00000099564	(atoh1b)_(Mus_musculus)_(DBD_0.81)_(M01754_2.00)	ENSDARG00000032317	410	419	-	11.2424	6.48e-05	1	GACATATGCT
ENSDARG00000019335	(hes6)_(Homo_sapiens)_(NA)_(MA1493.1)	ENSDARG00000020746	387	396	-	9.95455	6.54e-05	0.849	CGGACGTGTC
ENSDARG00000055294	(atoh1a)_(Homo_sapiens)_(DBD_0.90)_(M04169_2.00)	ENSDARG00000008131	385	394	-	10.8788	6.6e-05	0.79	TGCATATGGC
ENSDARG00000074030	(myt1a)_(Mus_musculus)_(NA)_(Mall_et_al_2017)	ENSDARG00000043531	207	218	+	10.9645	6.62e-05	1	ATAGTAAAGTTT
ENSDARG00000034785	(dachb)_(Homo_sapiens)_(NA)_(UN0306.1)	ENSDARG00000004588	402	411	-	12.4	6.64e-05	0.256	ATCAGCTGCT
ENSDARG00000034785	(dachb)_(Homo_sapiens)_(NA)_(UN0306.1)	ENSDARG00000004588	402	411	+	12.4	6.64e-05	0.256	AGCAGCTGAT
ENSDARG00000059337	(tgif1)_(Mus_musculus)_(DBD_0.85)_(M00521_2.00)	ENSDARG00000053569	457	466	-	9.75758	6.67e-05	0.457	ATTGACAGCA
ENSDARG00000032317	(tox)_(Mus_musculus)_(NA)_(Artegiani_et_al_2015)	ENSDARG00000037639	400	409	+	10.7576	6.71e-05	0.216	ACGCGCGGCG
ENSDARG00000019810	(nfe2l3)_(Drosophila_melanogaster)_(DBD_0.50)_(M03656_2.00)	ENSDARG00000063438	202	217	+	8.90909	6.77e-05	0.409	AACATGATGATGTAAC
ENSDARG00000020746	(gfi1aa)_(Homo_sapiens)_(DBD_0.96)_(M00238_2.00)	ENSDARG00000063438	443	451	+	6.20875	6.77e-05	0.463	CAATCAGAG
ENSDARG00000015355	(fosl1a)_(Homo_sapiens)_(DBD_0.79)_(M04035_2.00)	ENSDARG00000104773	401	410	-	11.2831	6.79e-05	0.28	GTTACGTCAC
ENSDARG00000019335	(hes6)_(Homo_sapiens)_(NA)_(MA1493.1)	ENSDARG00000044375	262	271	+	9.78788	6.87e-05	0.849	GCGACGTGTC
ENSDARG00000059836	(ddit3)_(Mus_musculus)_(NA)_(UN0251.1)	ENSDARG00000091756	439	453	-	10.6055	6.88e-05	0.419	GAATGATGACATTGT
ENSDARG00000032317	(tox)_(Mus_musculus)_(NA)_(Artegiani_et_al_2015)	ENSDARG00000074378	440	449	+	10.6242	6.92e-05	0.216	AGCGGCCGCG
ENSDARG00000059836	(ddit3)_(Mus_musculus)_(NA)_(UN0251.1)	ENSDARG00000015793	337	351	-	10.5872	6.94e-05	0.419	TGGTGATGAAAAATG
ENSDARG00000016858	(smad7)_(Mus_musculus)_(NA)_(PB0060.1)	ENSDARG00000004757	332	348	-	11.378	6.94e-05	0.845	ACCTTCCAGACATACCG
ENSDARG00000016858	(smad7)_(Mus_musculus)_(NA)_(PB0060.1)	ENSDARG00000053569	421	437	-	11.378	6.94e-05	0.845	ACCAATCAGACAGCACC
ENSDARG00000070922	(cnbpb)_(Homo_sapiens)_(NA)_(Lee_et_al_2017)	ENSDARG00000031664	130	137	+	12.0727	7e-05	0.985	AAATTAGA
ENSDARG00000070922	(cnbpb)_(Homo_sapiens)_(NA)_(Lee_et_al_2017)	ENSDARG00000004757	167	174	-	12.0727	7e-05	0.985	AAATTAGA
ENSDARG00000070922	(cnbpb)_(Homo_sapiens)_(NA)_(Lee_et_al_2017)	ENSDARG00000055294	186	193	-	12.0727	7e-05	0.985	AAATTAGA
ENSDARG00000032317	(tox)_(Mus_musculus)_(NA)_(Artegiani_et_al_2015)	ENSDARG00000077982	368	377	+	10.6182	7.01e-05	0.216	ACCCGAGGCG
ENSDARG00000063438	(srebf2)_(Mus_musculus)_(DBD_0.74)_(M00754_2.00)	ENSDARG00000055294	425	434	+	8.94186	7.02e-05	1	GCCACGCGAC
ENSDARG00000091756	(insm1a)_(Homo_sapiens)_(NA)_(MA0155.1)	ENSDARG00000091756	36	47	+	9.78571	7.03e-05	1	AGCCTGCGGGCG
ENSDARG00000053301	(insm1b)_(Homo_sapiens)_(NA)_(MA0155.1)	ENSDARG00000091756	36	47	+	9.78571	7.03e-05	1	AGCCTGCGGGCG
ENSDARG00000037030	(casz1)_(Homo_sapiens)_(NA)_(Liu_et_al_2020)	ENSDARG00000040764	287	294	+	11.6606	7.06e-05	0.23	GACAGCTG
ENSDARG00000037030	(casz1)_(Homo_sapiens)_(NA)_(Liu_et_al_2020)	ENSDARG00000018757	396	403	-	11.6606	7.06e-05	0.23	GACAGCTG
ENSDARG00000037030	(casz1)_(Homo_sapiens)_(NA)_(Liu_et_al_2020)	ENSDARG00000104773	427	434	-	11.6606	7.06e-05	0.23	GACAGCTG
ENSDARG00000100244	(ebf3a)_(Mus_musculus)_(DBD_0.94)_(M09045_2.00)	ENSDARG00000032317	477	489	-	10.8	7.15e-05	1	GGCCGCAGGGGGC
ENSDARG00000056732	(her4)_(Homo_sapiens)_(NA)_(MA0821.1)	ENSDARG00000004588	317	328	+	2.40984	7.16e-05	0.48	TTGCACGCGCCG
ENSDARG00000056729	(her4)_(Homo_sapiens)_(NA)_(MA0821.1)	ENSDARG00000004588	317	328	+	2.40984	7.16e-05	0.48	TTGCACGCGCCG
ENSDARG00000054562	(her15)_(Homo_sapiens)_(NA)_(MA0821.1)	ENSDARG00000004588	317	328	+	2.40984	7.16e-05	0.48	TTGCACGCGCCG
ENSDARG00000054560	(her15)_(Homo_sapiens)_(NA)_(MA0821.1)	ENSDARG00000004588	317	328	+	2.40984	7.16e-05	0.48	TTGCACGCGCCG
ENSDARG00000035622	(xbp1)_(Mus_musculus)_(DBD_0.77)_(M00757_2.00)	ENSDARG00000031683	389	398	+	6.91061	7.19e-05	0.588	GAAGACGTGT
ENSDARG00000004588	(sox4a)_(Homo_sapiens)_(DBD_1.00)_(M01026_2.00)	ENSDARG00000091756	248	255	+	11.0606	7.22e-05	0.578	GACAAAGG
ENSDARG00000095743	(sox11b)_(Mus_musculus)_(DBD_0.99)_(M00210_2.00)	ENSDARG00000026473	185	193	-	8.51445	7.22e-05	0.524	ATTGTCTTC
ENSDARG00000095743	(sox11b)_(Mus_musculus)_(DBD_0.99)_(M00210_2.00)	ENSDARG00000034293	318	326	+	8.51445	7.22e-05	0.524	ATTGTCTTC
ENSDARG00000091756	(insm1a)_(Homo_sapiens)_(NA)_(MA0155.1)	ENSDARG00000042824	396	407	+	9.67347	7.26e-05	1	ATGAAGGGGGCG
ENSDARG00000053301	(insm1b)_(Homo_sapiens)_(NA)_(MA0155.1)	ENSDARG00000042824	396	407	+	9.67347	7.26e-05	1	ATGAAGGGGGCG
ENSDARG00000020746	(gfi1aa)_(Homo_sapiens)_(DBD_0.96)_(M00238_2.00)	ENSDARG00000074030	284	292	-	6.17508	7.26e-05	0.463	AAATCTCTG
ENSDARG00000059836	(ddit3)_(Mus_musculus)_(NA)_(UN0251.1)	ENSDARG00000095743	433	447	+	10.4862	7.29e-05	0.419	ACGTGACGTAATCGA
ENSDARG00000070538	(hey1)_(Homo_sapiens)_(DBD_0.98)_(M02793_2.00)	ENSDARG00000055294	387	396	+	11.0182	7.32e-05	0.565	TACACGCGCC
ENSDARG00000101919	(foxj1a)_(Mus_musculus)_(DBD_0.95)_(M00161_2.00)	ENSDARG00000055294	155	166	-	10.8667	7.36e-05	0.218	GGAAAACAAAAC
ENSDARG00000019810	(nfe2l3)_(Drosophila_melanogaster)_(DBD_0.50)_(M03656_2.00)	ENSDARG00000040764	38	53	-	8.72727	7.38e-05	0.409	GACATGATGGCACCAT
ENSDARG00000037421	(egr1)_(Mus_musculus)_(DBD_0.97)_(M00375_2.00)	ENSDARG00000035622	98	106	+	9.13609	7.39e-05	1	ACCCCCGCT
ENSDARG00000002445	(prdm1a)_(Homo_sapiens)_(DBD_0.98)_(M4545_1.02)	ENSDARG00000043531	3	17	-	10.6886	7.43e-05	0.354	AGTCAGTGAAACTAA
ENSDARG00000031664	(sox21a)_(Mus_musculus)_(DBD_0.90)_(M00827_2.00)	ENSDARG00000001785	311	318	+	5.84	7.48e-05	0.355	ATTGTTAT
ENSDARG00000031664	(sox21a)_(Mus_musculus)_(DBD_0.90)_(M00827_2.00)	ENSDARG00000053569	450	457	+	5.84	7.48e-05	0.355	ATTGTTAT
ENSDARG00000031664	(sox21a)_(Mus_musculus)_(DBD_0.90)_(M00827_2.00)	ENSDARG00000044375	140	147	-	5.84	7.48e-05	0.355	ATTGTTAT
ENSDARG00000031664	(sox21a)_(Mus_musculus)_(DBD_0.90)_(M00827_2.00)	ENSDARG00000054562	437	444	-	5.84	7.48e-05	0.355	ATTGTTAT
ENSDARG00000012656	(atf6)_(Homo_sapiens)_(DBD_0.69)_(M04018_2.00)	ENSDARG00000008131	148	159	+	10.3515	7.5e-05	0.733	GGTTACATGGCA
ENSDARG00000014463	(usf1l)_(Mus_musculus)_(DBD_0.80)_(M0197_1.02)	ENSDARG00000100244	430	440	-	11.1152	7.53e-05	1	GCGCACGTGGG
ENSDARG00000034785	(dachb)_(Homo_sapiens)_(NA)_(UN0306.1)	ENSDARG00000014626	62	71	+	12.2286	7.61e-05	0.27	GGCAGCTGGT
ENSDARG00000035622	(xbp1)_(Mus_musculus)_(DBD_0.77)_(M00757_2.00)	ENSDARG00000035508	297	306	+	6.87709	7.62e-05	0.588	AACGACGTGG
ENSDARG00000043531	(jun)_(Mus_musculus)_(DBD_0.95)_(M00995_2.00)	ENSDARG00000074030	313	321	+	10.8727	7.64e-05	0.946	ATGACTCCA
ENSDARG00000059337	(tgif1)_(Mus_musculus)_(DBD_0.85)_(M00521_2.00)	ENSDARG00000100244	448	457	+	9.72727	7.65e-05	0.462	TCTGACAGCG
ENSDARG00000018757	(klf5l)_(Mus_musculus)_(DBD_0.88)_(M00134_2.00)	ENSDARG00000099564	424	433	-	10.497	7.73e-05	0.199	GCCCCTCCCT
ENSDARG00000018757	(klf5l)_(Mus_musculus)_(DBD_0.88)_(M00134_2.00)	ENSDARG00000031683	439	448	+	10.497	7.73e-05	0.199	GCCCCTCCCT
ENSDARG00000055294	(atoh1a)_(Homo_sapiens)_(DBD_0.90)_(M04169_2.00)	ENSDARG00000008131	457	466	+	10.7636	7.76e-05	0.79	ATCATATGGC
ENSDARG00000034956	(myclb)_(NA)_(NA)_(M1927_1.02)	ENSDARG00000056732	360	367	-	11.1455	7.79e-05	1	GCCACATG
ENSDARG00000014463	(usf1l)_(Mus_musculus)_(DBD_0.80)_(M0197_1.02)	ENSDARG00000037397	412	422	+	11.0061	7.84e-05	1	GTTCACGTGTG
ENSDARG00000034785	(dachb)_(Homo_sapiens)_(NA)_(UN0306.1)	ENSDARG00000014626	62	71	-	12.2143	7.88e-05	0.27	ACCAGCTGCC
ENSDARG00000032317	(tox)_(Mus_musculus)_(NA)_(Artegiani_et_al_2015)	ENSDARG00000031683	438	447	-	10.2788	7.91e-05	0.217	GGGAGGGGCG
ENSDARG00000071560	(dlx4b)_(Mus_musculus)_(DBD_0.90)_(M00409_2.00)	ENSDARG00000015355	363	370	+	7.13966	7.93e-05	1	GTAATTGC
ENSDARG00000071560	(dlx4b)_(Mus_musculus)_(DBD_0.90)_(M00409_2.00)	ENSDARG00000002937	458	465	-	7.13966	7.93e-05	1	GTAATTGC
ENSDARG00000101919	(foxj1a)_(Mus_musculus)_(DBD_0.95)_(M00161_2.00)	ENSDARG00000034293	339	350	-	10.7939	7.95e-05	0.218	TGAAAACAAAAA
ENSDARG00000077982	(elf3)_(Mus_musculus)_(DBD_0.93)_(M00156_2.00)	ENSDARG00000070538	51	60	-	8.49432	8.07e-05	0.795	ACGAGGAAGC
ENSDARG00000028335	(hmga1a)_(Mus_musculus)_(DBD_0.72)_(M00751_2.00)	ENSDARG00000001785	338	347	-	4.47716	8.1e-05	0.627	CAGCAATAAT
ENSDARG00000099564	(atoh1b)_(Mus_musculus)_(DBD_0.81)_(M01754_2.00)	ENSDARG00000032317	410	419	+	11.0303	8.11e-05	1	AGCATATGTC
ENSDARG00000032317	(tox)_(Mus_musculus)_(NA)_(Artegiani_et_al_2015)	ENSDARG00000002937	399	408	-	10.2485	8.2e-05	0.217	GTCGGCGGCG
ENSDARG00000042667	(klf2a)_(Homo_sapiens)_(DBD_0.93)_(M04455_2.00)	ENSDARG00000044375	319	329	+	10.5361	8.21e-05	0.252	AGCCACGCCTT
ENSDARG00000038792	(klf17)_(Homo_sapiens)_(DBD_0.93)_(M04455_2.00)	ENSDARG00000044375	319	329	+	10.5361	8.21e-05	0.252	AGCCACGCCTT
ENSDARG00000101919	(foxj1a)_(Mus_musculus)_(DBD_0.95)_(M00161_2.00)	ENSDARG00000008131	229	240	-	10.7455	8.24e-05	0.218	AATAAACAATAA
ENSDARG00000074030	(myt1a)_(Mus_musculus)_(NA)_(Mall_et_al_2017)	ENSDARG00000043531	207	218	-	10.6095	8.27e-05	1	AAACTTTACTAT
ENSDARG00000037030	(casz1)_(Homo_sapiens)_(NA)_(Liu_et_al_2020)	ENSDARG00000039117	316	323	+	9.83636	8.27e-05	0.256	TGCAGCTG
ENSDARG00000032317	(tox)_(Mus_musculus)_(NA)_(Artegiani_et_al_2015)	ENSDARG00000002937	417	426	+	10.2364	8.29e-05	0.217	TGGGGGGGCG
ENSDARG00000056732	(her4)_(Homo_sapiens)_(NA)_(MA0821.1)	ENSDARG00000056729	376	387	-	1.80328	8.34e-05	0.48	TGACACATGGCG
ENSDARG00000056729	(her4)_(Homo_sapiens)_(NA)_(MA0821.1)	ENSDARG00000056729	376	387	-	1.80328	8.34e-05	0.48	TGACACATGGCG
ENSDARG00000054562	(her15)_(Homo_sapiens)_(NA)_(MA0821.1)	ENSDARG00000056729	376	387	-	1.80328	8.34e-05	0.48	TGACACATGGCG
ENSDARG00000054560	(her15)_(Homo_sapiens)_(NA)_(MA0821.1)	ENSDARG00000056729	376	387	-	1.80328	8.34e-05	0.48	TGACACATGGCG
ENSDARG00000059337	(tgif1)_(Mus_musculus)_(DBD_0.85)_(M00521_2.00)	ENSDARG00000032317	359	368	-	9.71515	8.34e-05	0.462	TTTGACAGGA
ENSDARG00000012656	(atf6)_(Homo_sapiens)_(DBD_0.69)_(M04018_2.00)	ENSDARG00000104773	383	394	+	10.1636	8.35e-05	0.733	AATGACGTGAGA
ENSDARG00000002445	(prdm1a)_(Homo_sapiens)_(DBD_0.98)_(M4545_1.02)	ENSDARG00000014463	120	134	-	10.509	8.35e-05	0.354	ACAGTGGGAAAGTGA
ENSDARG00000002937	(meis1a)_(Mus_musculus)_(DBD_0.96)_(M00488_2.00)	ENSDARG00000053569	457	465	-	9.4012	8.42e-05	0.451	TTGACAGCA
ENSDARG00000032317	(tox)_(Mus_musculus)_(NA)_(Artegiani_et_al_2015)	ENSDARG00000004588	366	375	+	10.1636	8.51e-05	0.217	ACGGGGCGCG
ENSDARG00000056732	(her4)_(Homo_sapiens)_(NA)_(MA0821.1)	ENSDARG00000070538	224	235	-	1.67213	8.59e-05	0.48	CAGCACGCGCTG
ENSDARG00000056729	(her4)_(Homo_sapiens)_(NA)_(MA0821.1)	ENSDARG00000070538	224	235	-	1.67213	8.59e-05	0.48	CAGCACGCGCTG
ENSDARG00000054562	(her15)_(Homo_sapiens)_(NA)_(MA0821.1)	ENSDARG00000070538	224	235	-	1.67213	8.59e-05	0.48	CAGCACGCGCTG
ENSDARG00000054560	(her15)_(Homo_sapiens)_(NA)_(MA0821.1)	ENSDARG00000070538	224	235	-	1.67213	8.59e-05	0.48	CAGCACGCGCTG
ENSDARG00000018757	(klf5l)_(Mus_musculus)_(DBD_0.88)_(M00134_2.00)	ENSDARG00000059836	359	368	+	10.4364	8.67e-05	0.214	CCACCGCCCA
ENSDARG00000095743	(sox11b)_(Mus_musculus)_(DBD_0.99)_(M00210_2.00)	ENSDARG00000034785	135	143	-	8.46821	8.71e-05	0.562	ATTGTCCAC
ENSDARG00000002445	(prdm1a)_(Homo_sapiens)_(DBD_0.98)_(M4545_1.02)	ENSDARG00000103791	236	250	+	10.4431	8.72e-05	0.354	AGTCAGTGCAAGTGT
ENSDARG00000031683	(fosab)_(Homo_sapiens)_(DBD_0.92)_(M08069_2.00)	ENSDARG00000055283	59	69	-	10.6242	8.75e-05	1	TATGATTCATA
ENSDARG00000031683	(fosab)_(Homo_sapiens)_(DBD_0.92)_(M08069_2.00)	ENSDARG00000028335	193	203	+	10.6242	8.75e-05	1	TATGATTCATA
ENSDARG00000070538	(hey1)_(Homo_sapiens)_(DBD_0.98)_(M02793_2.00)	ENSDARG00000053301	269	278	+	10.7152	8.75e-05	0.6	GGCACGCGCT
ENSDARG00000037421	(egr1)_(Mus_musculus)_(DBD_0.97)_(M00375_2.00)	ENSDARG00000059836	307	315	+	9	8.75e-05	1	CCCCCCGCG
ENSDARG00000035508	(barhl1a)_(Mus_musculus)_(DBD_1.0)_(M00433_2.00)	ENSDARG00000035622	294	302	-	7.85714	8.76e-05	1	CTAAATGCC
ENSDARG00000032317	(tox)_(Mus_musculus)_(NA)_(Artegiani_et_al_2015)	ENSDARG00000032317	476	485	-	10.1394	8.81e-05	0.217	GCAGGGGGCG
ENSDARG00000001785	(irx2a)_(Mus_musculus)_(DBD_0.98)_(M00386_2.00)	ENSDARG00000095743	42	50	-	5.77315	8.82e-05	1	CGGACATGC
ENSDARG00000077982	(elf3)_(Mus_musculus)_(DBD_0.93)_(M00156_2.00)	ENSDARG00000063438	40	49	-	8.46023	8.91e-05	0.795	AACGGGAAGT
ENSDARG00000014626	(dlx3b)_(Mus_musculus)_(DBD_1.00)_(M00387_2.00)	ENSDARG00000020746	198	206	+	8.09714	8.93e-05	1	ATAATTGCA
ENSDARG00000037397	(ssrp1a)_(Neurospora_crassa)_(DBD_0.43)_(M02490_2.00)	ENSDARG00000056729	454	463	-	4.72065	8.96e-05	0.898	AAATCTCCAT
ENSDARG00000037397	(ssrp1a)_(Neurospora_crassa)_(DBD_0.43)_(M02490_2.00)	ENSDARG00000056732	454	463	-	4.72065	8.96e-05	0.898	AAATCTCCAT
ENSDARG00000020746	(gfi1aa)_(Homo_sapiens)_(DBD_0.96)_(M00238_2.00)	ENSDARG00000035622	31	39	+	6.11111	8.96e-05	0.51	AAATCAGGA
ENSDARG00000004588	(sox4a)_(Homo_sapiens)_(DBD_1.00)_(M01026_2.00)	ENSDARG00000037397	262	269	+	10.7758	9.01e-05	0.578	AACAAAGC
ENSDARG00000004588	(sox4a)_(Homo_sapiens)_(DBD_1.00)_(M01026_2.00)	ENSDARG00000040764	157	164	-	10.7758	9.01e-05	0.578	AACAAAGC
ENSDARG00000103791	(nme2)_(Homo_sapiens)_(NA)_(Yadav_et_al_2014)	ENSDARG00000002937	131	142	-	10.5	9.01e-05	0.615	AGGCGAGGTGGA
ENSDARG00000015355	(fosl1a)_(Homo_sapiens)_(DBD_0.79)_(M04035_2.00)	ENSDARG00000104773	401	410	+	10.5	9.03e-05	0.348	GTGACGTAAC
ENSDARG00000059337	(tgif1)_(Mus_musculus)_(DBD_0.85)_(M00521_2.00)	ENSDARG00000059836	397	406	-	9.54545	9.04e-05	0.462	ACTGACAGGA
ENSDARG00000002937	(meis1a)_(Mus_musculus)_(DBD_0.96)_(M00488_2.00)	ENSDARG00000004588	397	405	+	9.38323	9.08e-05	0.451	GTGACAGCA
ENSDARG00000002445	(prdm1a)_(Homo_sapiens)_(DBD_0.98)_(M4545_1.02)	ENSDARG00000002445	284	298	+	10.3772	9.1e-05	0.354	TAAAAATGAATGTGT
ENSDARG00000101919	(foxj1a)_(Mus_musculus)_(DBD_0.95)_(M00161_2.00)	ENSDARG00000012656	424	435	-	10.6242	9.13e-05	0.218	CAGAAACAAATA
ENSDARG00000059836	(ddit3)_(Mus_musculus)_(NA)_(UN0251.1)	ENSDARG00000043531	342	356	-	10.055	9.15e-05	0.438	GGATGAGGTAATGCT
ENSDARG00000002445	(prdm1a)_(Homo_sapiens)_(DBD_0.98)_(M4545_1.02)	ENSDARG00000042667	403	417	+	10.3653	9.17e-05	0.354	AGAGAGGGAGAGGGA
ENSDARG00000004757	(ybx1)_(Nematostella_vectensis)_(DBD_0.82)_(M01207_2.00)	ENSDARG00000004588	385	392	+	5.26154	9.18e-05	1	GAGGATAG
ENSDARG00000059836	(ddit3)_(Mus_musculus)_(NA)_(UN0251.1)	ENSDARG00000002937	458	472	-	10.0459	9.2e-05	0.438	ATGTGACGTAATTGC
ENSDARG00000101919	(foxj1a)_(Mus_musculus)_(DBD_0.95)_(M00161_2.00)	ENSDARG00000074030	337	348	-	10.6121	9.2e-05	0.218	TGAAAACAAAAG
ENSDARG00000026473	(six1b)_(Mus_musculus)_(DBD_0.98)_(M00512_2.00)	ENSDARG00000031683	238	247	+	7.50568	9.21e-05	1	GGGATACCCT
ENSDARG00000034956	(myclb)_(NA)_(NA)_(M1927_1.02)	ENSDARG00000034785	415	422	-	10.7818	9.26e-05	1	ACCACATG
ENSDARG00000055294	(atoh1a)_(Homo_sapiens)_(DBD_0.90)_(M04169_2.00)	ENSDARG00000014463	5	14	-	10.5879	9.28e-05	0.809	ACCATCTGCC
ENSDARG00000077982	(elf3)_(Mus_musculus)_(DBD_0.93)_(M00156_2.00)	ENSDARG00000020746	450	459	+	8.44886	9.28e-05	0.795	TTCAGGAAGT
ENSDARG00000019810	(nfe2l3)_(Drosophila_melanogaster)_(DBD_0.50)_(M03656_2.00)	ENSDARG00000063438	194	209	-	8.24242	9.28e-05	0.447	ATCATGTTGAAGTTAC
ENSDARG00000042824	(nfe2l2a)_(Homo_sapiens)_(DBD_0.73)_(M08789_2.00)	ENSDARG00000055283	427	440	+	9.96364	9.29e-05	0.823	GTGACTCGGCCTTC
ENSDARG00000018757	(klf5l)_(Mus_musculus)_(DBD_0.88)_(M00134_2.00)	ENSDARG00000040764	241	250	+	10.3939	9.33e-05	0.217	CCCCCACCCT
ENSDARG00000063438	(srebf2)_(Mus_musculus)_(DBD_0.74)_(M00754_2.00)	ENSDARG00000063438	378	387	+	8.72093	9.4e-05	1	ATCAGGCCAC
ENSDARG00000074378	(junba)_(Mus_musculus)_(DBD_0.88)_(M00760_2.00)	ENSDARG00000043531	13	20	+	6.52715	9.45e-05	1	TGACTCCA
ENSDARG00000074378	(junba)_(Mus_musculus)_(DBD_0.88)_(M00760_2.00)	ENSDARG00000015793	20	27	-	6.52715	9.45e-05	1	TGACTCCT
ENSDARG00000074378	(junba)_(Mus_musculus)_(DBD_0.88)_(M00760_2.00)	ENSDARG00000074030	314	321	+	6.52715	9.45e-05	1	TGACTCCA
ENSDARG00000074378	(junba)_(Mus_musculus)_(DBD_0.88)_(M00760_2.00)	ENSDARG00000100244	342	349	+	6.52715	9.45e-05	1	TGACTCCA
ENSDARG00000037030	(casz1)_(Homo_sapiens)_(NA)_(Liu_et_al_2020)	ENSDARG00000014626	64	71	-	9.10303	9.47e-05	0.267	ACCAGCTG
ENSDARG00000037030	(casz1)_(Homo_sapiens)_(NA)_(Liu_et_al_2020)	ENSDARG00000104773	425	432	+	9.10303	9.47e-05	0.267	ACCAGCTG
ENSDARG00000042824	(nfe2l2a)_(Homo_sapiens)_(DBD_0.73)_(M08789_2.00)	ENSDARG00000056729	432	445	-	9.92727	9.48e-05	0.823	GTGAGTCTGGAGTT
ENSDARG00000042824	(nfe2l2a)_(Homo_sapiens)_(DBD_0.73)_(M08789_2.00)	ENSDARG00000056732	432	445	-	9.92727	9.48e-05	0.823	GTGAGTCTGGAGTT
ENSDARG00000002937	(meis1a)_(Mus_musculus)_(DBD_0.96)_(M00488_2.00)	ENSDARG00000015793	437	445	-	9.36527	9.49e-05	0.451	ATGACAGCA
ENSDARG00000002937	(meis1a)_(Mus_musculus)_(DBD_0.96)_(M00488_2.00)	ENSDARG00000031664	464	472	-	9.36527	9.49e-05	0.451	ATGACAGCA
ENSDARG00000018757	(klf5l)_(Mus_musculus)_(DBD_0.88)_(M00134_2.00)	ENSDARG00000055283	371	380	-	10.3818	9.52e-05	0.217	GATCCGCCCA
ENSDARG00000019810	(nfe2l3)_(Drosophila_melanogaster)_(DBD_0.50)_(M03656_2.00)	ENSDARG00000063438	50	65	+	8.18788	9.53e-05	0.447	ATCAGGATGACATTGA
ENSDARG00000077982	(elf3)_(Mus_musculus)_(DBD_0.93)_(M00156_2.00)	ENSDARG00000038792	100	109	+	8.42045	9.56e-05	0.795	ATACGGAAAT
ENSDARG00000037421	(egr1)_(Mus_musculus)_(DBD_0.97)_(M00375_2.00)	ENSDARG00000042667	479	487	-	8.97041	9.61e-05	1	GCCCCCTCG
ENSDARG00000101919	(foxj1a)_(Mus_musculus)_(DBD_0.95)_(M00161_2.00)	ENSDARG00000037397	44	55	-	10.5576	9.62e-05	0.218	ATTAAACAACCT
ENSDARG00000101919	(foxj1a)_(Mus_musculus)_(DBD_0.95)_(M00161_2.00)	ENSDARG00000059836	111	122	-	10.5576	9.62e-05	0.218	ATTAAACAACCT
ENSDARG00000101919	(foxj1a)_(Mus_musculus)_(DBD_0.95)_(M00161_2.00)	ENSDARG00000034293	183	194	-	10.5576	9.62e-05	0.218	ACAAAACAAAAA
ENSDARG00000001785	(irx2a)_(Mus_musculus)_(DBD_0.98)_(M00386_2.00)	ENSDARG00000032317	28	36	-	5.76852	9.63e-05	1	GTTACATGC
ENSDARG00000035508	(barhl1a)_(Mus_musculus)_(DBD_1.0)_(M00433_2.00)	ENSDARG00000037397	255	263	-	7.83429	9.65e-05	1	TTAATCGGC
ENSDARG00000031664	(sox21a)_(Mus_musculus)_(DBD_0.90)_(M00827_2.00)	ENSDARG00000031664	291	298	+	5.81	9.66e-05	0.393	ATTGTTTG
ENSDARG00000070922	(cnbpb)_(Homo_sapiens)_(NA)_(Lee_et_al_2017)	ENSDARG00000053569	206	213	+	11.1273	9.66e-05	1	AATTTAGA
ENSDARG00000031664	(sox21a)_(Mus_musculus)_(DBD_0.90)_(M00827_2.00)	ENSDARG00000035622	331	338	-	5.81	9.66e-05	0.393	ATTGTTTG
ENSDARG00000015793	(creb3l1)_(Monodelphis_domestica)_(DBD_0.78)_(M01143_2.00)	ENSDARG00000028335	456	463	+	10.3554	9.74e-05	1	TACGTGGT
ENSDARG00000059337	(tgif1)_(Mus_musculus)_(DBD_0.85)_(M00521_2.00)	ENSDARG00000040764	88	97	+	9.53333	9.75e-05	0.462	AATGACAGAT
ENSDARG00000100244	(ebf3a)_(Mus_musculus)_(DBD_0.94)_(M09045_2.00)	ENSDARG00000056729	150	162	+	10.3152	9.75e-05	1	ACTCTCAAGAGAC
ENSDARG00000035622	(xbp1)_(Mus_musculus)_(DBD_0.77)_(M00757_2.00)	ENSDARG00000037639	446	455	-	6.79888	9.78e-05	0.671	GATTACGCGG
ENSDARG00000020746	(gfi1aa)_(Homo_sapiens)_(DBD_0.96)_(M00238_2.00)	ENSDARG00000059836	410	418	-	6.07071	9.79e-05	0.51	AAATCACGA
ENSDARG00000095743	(sox11b)_(Mus_musculus)_(DBD_0.99)_(M00210_2.00)	ENSDARG00000018757	247	255	+	8.42775	9.8e-05	0.569	ATTGTTTAC
ENSDARG00000104773	(junbb)_(Homo_sapiens)_(DBD_0.84)_(M08070_2.00)	ENSDARG00000055283	60	70	-	10.2182	9.85e-05	1	GTATGATTCAT
ENSDARG00000099564	(atoh1b)_(Mus_musculus)_(DBD_0.81)_(M01754_2.00)	ENSDARG00000008131	385	394	-	10.7818	9.88e-05	1	TGCATATGGC
ENSDARG00000059836	(ddit3)_(Mus_musculus)_(NA)_(UN0251.1)	ENSDARG00000034956	65	79	-	9.90826	9.92e-05	0.438	TTTTGATGCAACAAA
ENSDARG00000101919	(foxj1a)_(Mus_musculus)_(DBD_0.95)_(M00161_2.00)	ENSDARG00000099564	234	245	+	10.4848	9.94e-05	0.218	ATCAAACAAAAG
ENSDARG00000002445	(prdm1a)_(Homo_sapiens)_(DBD_0.98)_(M4545_1.02)	ENSDARG00000037421	475	489	+	10.2335	9.95e-05	0.36	GAGCAGTGAAAGAGC
ENSDARG00000053569	(sox3)_(Mus_musculus)_(DBD_0.96)_(M00208_2.00)	ENSDARG00000063438	95	103	-	6.74771	9.98e-05	0.712	ATTGTTTCT
ENSDARG00000008131	(sox1b)_(Mus_musculus)_(DBD_0.96)_(M00208_2.00)	ENSDARG00000063438	95	103	-	6.74771	9.98e-05	0.712	ATTGTTTCT
ENSDARG00000101919	(foxj1a)_(Mus_musculus)_(DBD_0.95)_(M00161_2.00)	ENSDARG00000099564	225	236	-	10.4788	9.99e-05	0.218	GATAAACAATTC
ENSDARG00000099564	(atoh1b)_(Mus_musculus)_(DBD_0.81)_(M01754_2.00)	ENSDARG00000008131	457	466	+	10.7758	9.99e-05	1	ATCATATGGC

# FIMO (Find Individual Motif Occurrences): Version 5.1.1 compiled on Jan 12 2021 at 10:39:31
# The format of this file is described at http://meme-suite.org/doc/fimo-output-format.html.
# fimo diffextfs_motifs.meme promoters500bp_biomart.txt
